,W1,W2,score,,P1,P2,100-3,100-5,100-7,200-3,200-5,200-7,300-3,300-5,300-7,400-3,400-5,400-7,500-3,500-5,500-7,128-3,128-5,128-7,256-3,256-5,256-7,512-3,512-5,512-7
0,love,sex,6.77,,محبت,ملاپ,0.34882808,0.34365547,0.23483068,0.2501024,0.24362896,0.19042653,0.25083014,0.23332714,0.19359402,0.21380608,0.20413736,0.20882362,0.20615005,0.1920859,0.16176352,0.33264163,0.30070376,0.29585665,0.20879549,0.22506317,0.21854025,0.1998134,0.21535426,0.15281978
1,tiger,cat,7.35,,چیتا,بلی,0.47969714,0.29629967,0.36655742,0.3506549,0.29462704,0.29555297,0.3002768,0.31948352,0.31433672,0.29870096,0.28734133,0.29028496,0.27228287,0.25032613,0.24827866,0.31702447,0.34478775,0.35402864,0.28596407,0.25852352,0.3287679,0.2571553,0.26893365,0.22946253
2,tiger,tiger,10,,چیتا,چیتا,1,0.99999994,1,1,1,1,1.0000001,0.99999994,1,1,1,1,1,1,1,1,0.99999994,1,1,1,1,1,1,1
3,book,paper,7.46,,کتاب,کاغذ,0.3155293,0.32851967,0.35381332,0.28530186,0.3266924,0.3110426,0.2338739,0.2973755,0.2762545,0.20253795,0.26530316,0.24157466,0.15770818,0.21513112,0.21393117,0.31735593,0.33353144,0.3239013,0.25995636,0.29724628,0.31069326,0.19781753,0.21460955,0.22642246
4,computer,keyboard,7.62,,کمپیوٹر,کیبورڈ,0.20806651,0.19101042,0.14745823,0.18332121,0.17752214,0.19018784,0.20123158,0.19086453,0.08890275,0.18945372,0.08823891,0.14960073,0.16938126,0.07521588,0.059662588,0.20162721,0.19041097,0.14514665,0.21513484,0.14898518,0.12593783,0.13370278,0.15620144,0.05986041
5,computer,internet,7.58,,کمپیوٹر,انٹرنیٹ,0.5294099,0.53610426,0.5576248,0.4591308,0.47020033,0.44094455,0.39979392,0.38692883,0.38356087,0.36508894,0.3521334,0.37248412,0.35158995,0.35272995,0.34484437,0.5395687,0.5158577,0.5178144,0.44026756,0.40482178,0.39352548,0.32062757,0.34414893,0.33826447
6,plane,car,5.77,,طیارہ,گاڑی,0.5542045,0.5529054,0.55030257,0.4433967,0.42883965,0.4179661,0.4048043,0.3772749,0.37237412,0.3548175,0.30944818,0.31948313,0.30802524,0.29396975,0.28897697,0.5094059,0.5045505,0.4934019,0.44186783,0.3910998,0.37763432,0.32868648,0.30663913,0.2960102
7,train,car,6.31,,ٹرین,گاڑی,0.64409965,0.64171064,0.64939576,0.567589,0.5671907,0.552779,0.5201839,0.5162781,0.49754024,0.47806895,0.47535992,0.4728007,0.4382173,0.4528122,0.44947532,0.6259297,0.635519,0.6356026,0.53892404,0.5478176,0.52109385,0.4473554,0.4529267,0.45672226
8,telephone,communication,7.5,,ٹیلیفون,تبادلہ,0.26188377,0.21920858,0.19583367,0.28836387,0.23463042,0.21828876,0.22802925,0.19835025,0.21771474,0.21379247,0.18215379,0.17757829,0.16087773,0.18217431,0.16962227,0.25933802,0.21519181,0.21410263,0.22371148,0.16647783,0.19097878,0.19911002,0.20028533,0.153155
9,television,radio,6.77,,ٹیلیویژن,ریڈیو,0.71835285,0.6859443,0.6696882,0.607645,0.5861871,0.57247615,0.57751906,0.5212045,0.5183775,0.50865805,0.50900036,0.48691404,0.496314,0.4612122,0.46485907,0.682575,0.6180042,0.63134855,0.5858445,0.55224454,0.52415013,0.48904222,0.47800988,0.44950664
10,media,radio,7.42,,میڈیا,ریڈیو,0.34230295,0.31928962,0.29369906,0.22771198,0.17248745,0.1239857,0.23759893,0.17204493,0.13203827,0.22144784,0.16507778,0.13570118,0.22189786,0.16639328,0.14803049,0.3237456,0.26340133,0.22214642,0.2436251,0.14730735,0.10831502,0.24333659,0.15791303,0.14073566
11,drug,abuse,6.85,,نشہ,گالی,0.38951024,0.3688672,0.32265583,0.31829065,0.28884423,0.2526496,0.27900335,0.24570988,0.2674113,0.20378429,0.27219546,0.21265998,0.21231067,0.23491931,0.19929731,0.30787987,0.32145372,0.28391686,0.30711424,0.28057167,0.26120836,0.23003887,0.20537332,0.2217771
12,bread,butter,6.19,,روٹی,مکھن,0.51194555,0.5530877,0.54635185,0.4298284,0.4618736,0.42314538,0.34980395,0.37269422,0.3692671,0.32679474,0.3250406,0.34464547,0.32701057,0.33148518,0.35501534,0.48957852,0.5145474,0.51631546,0.4234463,0.41315705,0.3871777,0.33721972,0.30561358,0.3515287
13,doctor,nurse,7,,ڈاکٹر,نرس,0.38189742,0.40564886,0.36066848,0.26439047,0.2431448,0.2728395,0.2349075,0.19586423,0.2227038,0.18126756,0.1757917,0.20937687,0.15807937,0.18680671,0.17329514,0.3021799,0.31810343,0.3289849,0.25503257,0.23271264,0.249696,0.14884609,0.15480146,0.15225476
14,professor,doctor,6.62,,پروفیسر,ڈاکٹر,0.8820622,0.86515945,0.8625276,0.80805475,0.8059881,0.807231,0.76845413,0.7753098,0.77277726,0.7398122,0.7314815,0.72445714,0.7156457,0.69729614,0.6959405,0.8542726,0.85635424,0.83698595,0.7894729,0.78126395,0.7889776,0.70953196,0.6986651,0.691476
15,student,professor,6.81,,طالبعلم,پروفیسر,0.4541851,0.43985432,0.43462256,0.37804028,0.36962676,0.38959372,0.32866213,0.30394113,0.31531492,0.29668692,0.27775264,0.2989448,0.28381762,0.23400636,0.2562151,0.43045518,0.42506158,0.4097817,0.35564694,0.36120895,0.35503885,0.2828209,0.25728726,0.26093316
16,smart,student,4.62,,ذہین,طالبعلم,0.36977366,0.34937477,0.3301555,0.22280262,0.24398138,0.23217793,0.22696844,0.20408145,0.23914836,0.19540022,0.20714866,0.191771,0.20888929,0.17348771,0.16994317,0.28395292,0.30560538,0.27151927,0.1974172,0.1970963,0.21712263,0.18607186,0.17325306,0.17434916
17,smart,stupid,5.81,,ذہین,بیوقوف,0.40305483,0.39345428,0.33788562,0.34183472,0.24716401,0.24572417,0.30649793,0.23589464,0.23335333,0.2815173,0.20944446,0.2332643,0.27662927,0.23646569,0.17011471,0.3529821,0.31025913,0.3262436,0.3069301,0.287612,0.17637083,0.2638674,0.20123541,0.20296584
18,company,stock,7.08,,کمپنی,اسٹاک,0.13741502,0.103170544,0.094656035,0.13984437,0.1457176,0.1194177,0.15031101,0.10168127,0.0905893,0.11618923,0.089238524,0.07918693,0.11627079,0.08894477,0.08380728,0.16440141,0.11413048,0.090935566,0.13729216,0.108798526,0.099859074,0.1139895,0.07140334,0.08038888
19,stock,market,8.08,,اسٹاک,مارکیٹ,0.21912144,0.13502216,0.10425131,0.18274553,0.103063904,0.058306146,0.22887234,0.11474246,0.07610502,0.22432387,0.12846453,0.10653269,0.23644222,0.15204413,0.11210407,0.18871325,0.0953867,0.08789106,0.20691146,0.103518754,0.079415396,0.23239183,0.14670843,0.11457147
20,stock,phone,1.62,,سامان,فون,0.25879356,0.2824843,0.32500604,0.28388515,0.25015455,0.2678753,0.2503667,0.2499674,0.24125808,0.23943081,0.22711185,0.21604781,0.24787897,0.24056222,0.21454301,0.24705914,0.26409972,0.27853075,0.25355294,0.2367602,0.23781964,0.25120434,0.23066695,0.22361255
21,stock,CD,1.31,,سامان,سیڈی,-0.13289101,-0.117631346,-0.08361308,-0.054129764,0.084812164,-0.017278187,0.027732376,0.025199562,-0.039850745,0.012639537,0.051637422,0.014362288,-0.034551457,0.015047528,0.042820226,-0.043820634,0.046609644,-0.025511682,-0.037132762,-5.20E-05,0.041206807,-0.049026683,-0.036311224,0.021201205
22,stock,jaguar,0.92,,جانور,تیندوا,0.45651957,0.5162711,0.51729774,0.42705977,0.46031737,0.46660873,0.40877873,0.3783751,0.38032937,0.39566222,0.3299673,0.34967312,0.3694783,0.35720775,0.3494289,0.49295834,0.51774347,0.50430644,0.42948246,0.42288357,0.36157942,0.40357316,0.3251989,0.3637475
23,stock,egg,1.81,,جانور,انڈہ,0.37277853,0.43188256,0.3988654,0.28808847,0.27743813,0.33735543,0.24249522,0.26932704,0.2422675,0.21492906,0.19981992,0.18920034,0.20984161,0.18128943,0.2016311,0.3691036,0.39191258,0.36487216,0.2853743,0.31090724,0.27379957,0.19150731,0.18105164,0.21336223
24,stock,live,3.73,,مویشی,لائیو,0.02408147,-0.005508687,0.06381859,0.035619427,-0.016053164,-0.00443477,0.11930469,0.050572958,0.04974026,0.07552205,0.06762379,0.10133353,0.08279456,0.0759375,0.09845734,-0.006488035,-0.04203883,0.072885975,0.05297237,0.07336434,0.069901325,0.10267351,0.087444395,0.10677891
25,stock,life,0.92,,مویشی,وجود,-0.01616634,0.010918511,-0.03441849,0.05949882,0.045122597,0.07844002,0.07449297,0.1062568,0.09699681,0.08779225,0.0540622,0.07384795,0.117913015,0.070383705,0.04490325,-0.003365941,-0.011074655,-0.03441353,0.039131314,0.05408548,0.064823724,0.07541016,0.08302648,0.052564513
26,money,cash,9.15,,کیش,نقد,0.7120254,0.714687,0.76392543,0.64577824,0.71354496,0.68601453,0.5849929,0.61377954,0.6409593,0.5689966,0.5886911,0.5984186,0.5748922,0.5799664,0.57503974,0.68780214,0.7170162,0.7458255,0.606197,0.6317415,0.6649766,0.56649303,0.57645786,0.5844414
27,professor,cucumber,0.31,,پروفیسر,کھیرا,-0.14493452,-0.05104151,0.003475351,-0.13086653,-0.07194215,-0.06257982,-0.10119529,-0.07417139,-0.024890212,-0.062360637,-0.049944866,-0.07026304,-0.08179682,-0.048703816,-0.0719248,-0.083217725,-0.062019415,-0.015443048,-0.0988076,-0.024724333,-0.0371885,-0.07350497,-0.032406643,-0.056336198
28,king,cabbage,0.23,,بادشاہ,گوبھی,0.02321298,0.021388382,-0.001946743,-0.079442166,-0.045968585,-0.035073828,-0.08050512,-0.079226054,-0.08834295,-0.07482744,-0.05584226,-0.027990118,-0.06974892,-0.03551335,-0.03524936,-0.047969796,0.055491034,-0.012100609,-0.07367532,-0.05801546,-0.058588605,-0.062170915,-0.049173865,-0.039545864
29,king,queen,8.58,,بادشاہ,ملکہ,0.512703,0.4609853,0.456676,0.40856773,0.41952443,0.38880146,0.40931246,0.37106225,0.36469764,0.3559748,0.33566335,0.359855,0.32374388,0.32541037,0.30431437,0.45060956,0.43287265,0.44912082,0.40737545,0.41226083,0.35949844,0.31832004,0.331048,0.32742304
30,bishop,rabbi,6.69,,بشپ,ربی,0.3058693,0.28679496,0.2062072,0.16704737,0.08369973,0.09769838,0.1522448,0.05606425,0.049589194,0.093933366,0.08352558,0.053061962,0.08192983,0.06651177,0.054740943,0.25140387,0.23246984,0.19864678,0.10631896,0.07182261,-0.002293175,0.06858659,0.04626431,0.030544195
31,holy,sex,1.62,,مقدس,جنسی,0.08054499,0.023797093,-0.010043178,0.089134395,0.11250338,0.06519368,0.10459686,0.087224245,0.07698135,0.09448456,0.11655146,0.09203667,0.07270123,0.061071686,0.06633436,0.11227192,0.07463279,0.01158955,0.07428412,0.13851364,0.085924424,0.07226902,0.06065017,0.05577626
32,fuck,sex,9.44,,جسمانی,جنسی,0.5765382,0.54369867,0.5176609,0.47665575,0.43289205,0.39949325,0.43233144,0.41576084,0.39481094,0.38722062,0.38071734,0.35819095,0.3795768,0.36426976,0.34596124,0.5138493,0.49284726,0.46260548,0.46335274,0.41520157,0.4048059,0.38664037,0.34901667,0.32596797
33,football,soccer,9.03,,فٹبال,فٹبال,1,0.99999994,0.99999994,1,1,1,1,1,1,1,1,1,1,0.99999994,1,1,1,1,1,1,1,1,1,1
34,football,tennis,6.63,,فٹبال,ٹینس,0.6583341,0.61243474,0.5294885,0.60058,0.5376214,0.4813705,0.57341945,0.50316775,0.46098647,0.5405045,0.48958236,0.43850282,0.5183314,0.4486317,0.423456,0.6483443,0.58064127,0.52408457,0.5787702,0.5198153,0.4699092,0.5273801,0.45773414,0.4282978
35,tennis,racket,7.56,,ٹینس,ریکٹ,0.16778608,0.20605573,0.16576742,0.09081918,0.11037257,0.16446261,0.10843826,0.13976522,0.12181937,0.0690042,0.066734344,0.10096758,0.07586476,0.08217232,0.11049026,0.11569174,0.15197314,0.17494014,0.07177916,0.12848821,0.1363948,0.06892467,0.11275269,0.11160989
36,Arafat,Jackson,2.5,,عرفات,جیکسن,-0.017260324,-0.18217827,-0.20277311,0.17547497,-0.06012052,-0.011795515,0.11841882,-0.04496125,-0.06239433,0.08888227,-0.030904822,0.032237235,0.12706847,0.02456598,0.009128253,0.18290609,-0.088625945,-0.025518786,0.12039481,0.08298827,0.015226215,0.09478387,0.07470869,0.01623793
37,law,lawyer,8.38,,قانون,وکیل,0.28338194,0.3073698,0.32275614,0.18805039,0.20672153,0.21116285,0.18324444,0.19925502,0.21448244,0.16562651,0.14945373,0.18857767,0.15326722,0.17679091,0.18150243,0.24526498,0.24209586,0.27845803,0.19810665,0.203758,0.19161484,0.15288094,0.16000214,0.18406697
38,movie,star,7.38,,فلم,ستارہ,0.15796277,0.09862097,0.13917258,0.15599644,0.114816256,0.10914505,0.15097259,0.115773775,0.10096063,0.14663695,0.1001918,0.108225174,0.13105841,0.11226453,0.10029347,0.15969554,0.10993927,0.10774973,0.14173952,0.11218062,0.10864839,0.11932507,0.096846044,0.08885257
39,movie,popcorn,6.19,,فلم,مکئی,0.29765695,0.22702254,0.2250647,0.20115583,0.16904157,0.18765435,0.19526641,0.19171004,0.18552193,0.17553528,0.1939318,0.18868735,0.16319169,0.17464447,0.16899477,0.24423307,0.18807724,0.22085841,0.18713768,0.19553083,0.19824967,0.13542193,0.17752567,0.17360502
40,movie,theater,7.92,,فلم,تھیٹر,0.27261975,0.2668393,0.24723077,0.21283369,0.21326055,0.19400914,0.20076694,0.17930023,0.18344873,0.19984363,0.19353165,0.17163059,0.17978549,0.1617106,0.17463824,0.27008727,0.22678016,0.21826117,0.20346053,0.18916523,0.18279713,0.18439853,0.16989636,0.1671643
41,physics,proton,8.12,,طبیعیات,پروٹون,0.14841458,0.2795363,0.2925768,0.10218928,0.18103452,0.23497167,0.115340576,0.19644436,0.18872416,0.14259435,0.1149152,0.19514412,0.13830061,0.13691829,0.16838148,0.16420394,0.2032685,0.26352206,0.10296367,0.15845008,0.18408991,0.09166726,0.1473302,0.12535581
42,physics,chemistry,7.35,,طبیعیات,کیمسٹری,0.30016834,0.28448352,0.32060555,0.26943853,0.26378432,0.28113598,0.22708689,0.26779312,0.29262736,0.25868455,0.26215565,0.2843169,0.23346427,0.24561867,0.27990487,0.28816143,0.30173054,0.3252858,0.25669426,0.23695561,0.26249835,0.23637219,0.24613425,0.24602188
43,space,chemistry,4.88,,جگہ,کیمسٹری,0.23719454,0.21258467,0.22286798,0.2373155,0.17795746,0.19392286,0.21226287,0.18245818,0.20415741,0.17945953,0.18265201,0.15586169,0.15374023,0.14825483,0.14169833,0.2491529,0.19409859,0.18181434,0.21675918,0.20466498,0.23151562,0.15538156,0.15795681,0.15477994
44,alcohol,chemistry,5.54,,شراب,کیمسٹری,0.01729831,-0.028416868,0.000471686,-0.003115947,-0.01734852,0.010756173,0.006196037,-0.0552054,-0.011637554,-0.002264208,-0.003827341,-0.009828863,0.012677498,0.015925681,-0.009538387,-0.012204498,-0.005474597,-0.04016858,0.008452151,0.002668046,-0.025794137,0.004536763,-0.02179889,0.011108698
45,vodka,gin,8.46,,ووڈکا,جین,0.2706289,0.18070765,0.22220789,0.16902646,0.20541991,0.24112993,0.1486547,0.15459466,0.11558697,0.17077269,0.14144635,0.16232666,0.14207792,0.13345952,0.15314707,0.14773771,0.24778163,0.21932226,0.2065489,0.13308729,0.18199107,0.12249594,0.1439045,0.11115128
46,drink,car,3.04,,پینا,گاڑی,0.09327443,0.05649414,0.032663368,0.067288674,0.083734505,0.086967565,0.09239691,0.11173183,0.06633252,0.074896276,0.048214123,0.04771221,0.07093718,0.042394906,0.07850134,0.07260704,0.059607368,0.045958407,0.06554915,0.104689844,0.054845814,0.06909169,0.06734201,0.0470061
47,drink,ear,1.31,,پینا,کان,0.20962611,0.16321144,0.17081833,0.10618846,0.11477322,0.11581509,0.057248995,0.04028934,0.046594944,0.06319564,0.066835135,0.04212652,0.070502326,0.047609434,0.03032488,0.08758328,0.07590792,0.17180732,0.049184952,0.036427364,0.0856635,0.06095928,0.011995148,0.034268107
48,drink,mouth,5.96,,پینا,منہ,0.23335971,0.23726808,0.19783151,0.12598245,0.12626906,0.16897532,0.1608267,0.17650235,0.16358542,0.1315926,0.15239821,0.1568255,0.13073237,0.10647563,0.15234102,0.14026725,0.1873193,0.18028,0.14057559,0.12591612,0.15908681,0.13996202,0.1303063,0.14504045
49,drink,eat,6.87,,پینا,کھایا,0.5111153,0.54699415,0.550078,0.40495396,0.43951547,0.42619574,0.33416885,0.34982345,0.37067354,0.25864714,0.31456146,0.33629805,0.2507797,0.2598796,0.27078083,0.47211608,0.5285363,0.5219033,0.38288862,0.41158304,0.37105036,0.24634011,0.2765706,0.2847641
50,baby,mother,7.85,,بچے,ماں,0.5773321,0.6276401,0.64068675,0.45133027,0.47707075,0.512396,0.40115216,0.40198913,0.40382683,0.3615619,0.34005126,0.37082717,0.33119023,0.33841133,0.33475858,0.55974823,0.57631946,0.595694,0.42030615,0.42712367,0.46128365,0.33215845,0.33977914,0.33867896
51,drink,mother,2.65,,پینا,ماں,0.044853687,-0.00313881,0.04520528,0.116520256,0.07996819,0.032939494,0.070553325,0.064082436,0.054905023,0.07441322,0.083707154,0.05148305,0.07241801,0.05508958,0.06898638,0.10083528,0.12736638,0.07514876,0.08999327,0.060211282,0.04462513,0.053364776,0.06816682,0.0459688
52,car,automobile,8.94,,گاڑی,گاڑی,1,1,1,0.99999994,1,0.99999994,0.99999994,0.99999994,1,1,1,1,1,1,1,1,0.99999994,1,1,1,1,1,1,0.99999994
53,gem,jewel,8.96,,جواہرات,زیور,0.5570426,0.5370894,0.5483185,0.5209187,0.48204732,0.5013863,0.45972034,0.3911371,0.45209664,0.4266156,0.42116022,0.37044793,0.42870235,0.3980652,0.3867174,0.56175077,0.6011491,0.55198133,0.44620782,0.4415937,0.46862966,0.42370063,0.37153485,0.33860147
54,journey,voyage,9.29,,سفر,سفر,1,1,0.99999994,1,1,1,1,1,1,1.0000001,1,1,1,0.99999994,1,1,1,1,1,1,1,1,1,1
55,boy,lad,8.83,,لڑکا,لڑکے,0.62798035,0.6628988,0.69122136,0.58865446,0.62105405,0.63950336,0.5376289,0.593839,0.6184414,0.48209587,0.5500652,0.5640018,0.467787,0.51084507,0.5572909,0.6318874,0.6614376,0.65816784,0.56068796,0.59740585,0.62222457,0.47765824,0.5178629,0.52629584
56,coast,shore,9.1,,ساحل,ساحل,1,1,0.99999994,1,1,1.0000001,1,1,1,1,1,1.0000001,0.99999994,1,1,1,0.99999994,1,1,1,1,1,1,1
57,magician,wizard,9.02,,جادوگر,جادوگر,1,1,1,0.99999994,1.0000001,1,1,1,1,1.0000001,0.99999994,1,1,1,1,0.99999994,1,1,1,1,1,1,1,1
58,midday,noon,9.29,,دوپہر,دوپہر,1,1.0000001,0.99999994,1,1,0.99999994,1,1,1,0.99999994,1,1,1,1,1,1,0.99999994,1,0.99999994,1,1,1,1,1
59,furnace,stove,8.79,,تندور,چولہا,0.30539802,0.30784342,0.3020283,0.29595813,0.29282308,0.25724953,0.3039536,0.24239601,0.27643156,0.24212755,0.27567172,0.23030189,0.27384347,0.2259017,0.15702446,0.2806578,0.3162879,0.31296772,0.31032655,0.321182,0.26071984,0.24304941,0.24533162,0.23813546
60,food,fruit,7.52,,کھانا,پھل,0.61155355,0.59028256,0.59254766,0.4827337,0.48898533,0.4766819,0.42847085,0.41517192,0.3998119,0.385313,0.3731801,0.36826655,0.36559284,0.35079032,0.3501354,0.57497376,0.56015605,0.5450773,0.43166676,0.4387173,0.43208092,0.37878582,0.3656112,0.34411198
61,bird,crane,7.38,,پرندہ,کرین,0.2853422,0.31235105,0.30183244,0.23008464,0.2492145,0.23648167,0.18225195,0.14908627,0.184293,0.13681892,0.123619445,0.097788624,0.10843798,0.10652986,0.08093267,0.26430488,0.30943072,0.31993192,0.2048352,0.22342663,0.20512082,0.12095289,0.14555614,0.12279506
62,brother,monk,6.27,,بھائی,راہب,0.12545821,0.06570175,0.02013413,0.04317621,0.010202927,0.011688137,0.040777672,0.03194521,0.083970465,0.070906445,0.032967225,0.012011343,0.05578256,0.032332186,0.013363488,0.118554704,0.094735086,0.05566911,0.049263008,-0.01680205,0.034382924,0.0367267,0.011433177,0.006745551
63,crane,implement,2.69,,کرین,لاگو,-0.17331728,-0.22432746,-0.2146689,-0.05262588,-0.108832315,-0.12830766,-0.061778743,-0.041664563,-0.039715383,-0.010942504,-0.04690417,-0.046612937,-0.09213536,-0.02689646,-0.025942154,-0.16221759,-0.18096048,-0.13377471,-0.069522254,-0.04953383,-0.09802422,-0.043730225,-0.029610634,-0.014962746
64,lad,brother,4.46,,لڑکے,بھائی,0.3611279,0.35590076,0.3508656,0.28235364,0.2601939,0.27532327,0.25249115,0.25335014,0.24387343,0.25490257,0.2316514,0.22445472,0.25414234,0.24094756,0.24374293,0.3356949,0.34648275,0.32130617,0.2549211,0.26250523,0.22318502,0.24362847,0.2107625,0.21424545
65,journey,car,5.85,,سفر,گاڑی,0.19220567,0.21500373,0.2411683,0.126153,0.1539913,0.17264315,0.13670434,0.14853996,0.1554901,0.09988792,0.11468471,0.139479,0.10382989,0.10451363,0.118034504,0.16579983,0.20057335,0.22912979,0.11862689,0.14931813,0.15793556,0.09432482,0.11087998,0.12552533
66,monk,oracle,5,,منک,اوریکل,0.21171142,0.22370097,0.14337288,0.1459265,0.11412623,0.07127276,0.04265359,0.026875187,0.08335051,0.0678407,0.02366686,0.023648748,0.018246364,0.030297352,0.024220118,0.106567316,0.15985928,0.07342314,0.045383826,0.053081084,0.03746429,0.08429329,0.030765876,-0.041500468
67,food,rooster,4.42,,کھانا,مرغ,0.36602867,0.4167377,0.39557642,0.20773771,0.23604451,0.26318714,0.22226349,0.19672562,0.22751728,0.22220945,0.18435279,0.18514106,0.2056468,0.14033215,0.18037923,0.30405515,0.37030303,0.38422275,0.23335989,0.23981404,0.24646944,0.21462974,0.13657132,0.16016822
68,coast,hill,4.38,,ساحل,پہاڑی,0.5376949,0.57662225,0.5591712,0.39256376,0.43004626,0.42810354,0.35872853,0.3723748,0.37668622,0.31180727,0.30020812,0.31788513,0.3024201,0.27168933,0.3109854,0.45619702,0.5291533,0.53781015,0.38768733,0.3365242,0.37015092,0.27731878,0.2809434,0.28757334
69,forest,graveyard,1.85,,جنگل,قبرستان,0.33548057,0.33912447,0.29972035,0.3511372,0.30863225,0.23899257,0.28977886,0.30200034,0.26984647,0.24490331,0.25730938,0.22522546,0.24979044,0.20479333,0.19883378,0.37987807,0.28552645,0.30281562,0.30256304,0.28674868,0.24631174,0.24279371,0.21358305,0.18227945
70,coast,forest,3.15,,ساحل,جنگل,0.26837018,0.3336228,0.33404577,0.24171036,0.29183748,0.28687298,0.23825422,0.2681263,0.21248457,0.23250529,0.19570461,0.18974864,0.19660024,0.19443418,0.18337488,0.28249788,0.2597972,0.32058007,0.26042905,0.20484656,0.25128537,0.1954697,0.19230208,0.21999177
71,lad,wizard,0.92,,لڑکے,جادوگر,0.109486915,0.05832077,-0.021779686,0.18492542,0.05165678,0.020518042,0.12508523,0.04973049,0.04357096,0.13546039,0.0635431,0.06935033,0.10369816,0.055104543,0.042555008,0.1351969,0.02977306,0.046106666,0.121074595,0.07550055,0.03127989,0.10655052,0.08347201,0.033485167
72,glass,magician,2.08,,شیشے,جادوگر,0.0701346,-0.03423873,-0.02327559,0.10087911,0.07827503,0.065453626,0.081551276,0.05545298,0.092475615,0.08962892,0.06869785,0.033778667,0.07704352,0.05834117,0.031359155,0.07289381,0.053737298,-0.0145205,0.094323516,0.06531251,-0.008311631,0.0785241,0.068358764,0.029864816
73,noon,string,0.54,,دوپہر,سٹرنگ,0.033928197,0.030779516,-0.07637063,0.09631311,0.057932537,-0.017207218,0.060634308,0.026069775,0.00162292,0.02906921,-0.014494204,-0.025682807,0.033620812,0.001453912,-0.04904375,0.031151451,0.02087491,-0.032279365,0.0750488,-0.013976071,0.062352277,0.018319193,0.022265486,-0.030961907
74,rooster,voyage,0.62,,مرغ,سفر,0.051420555,0.035867166,-0.004273015,0.07025332,0.09073079,-0.005092708,0.055123728,0.038882464,0.055299073,0.03436987,0.039500833,0.033291187,0.047220156,0.045353457,0.072833434,0.054037772,0.01923097,0.005738009,0.041333564,0.046017997,0.024879487,0.07374595,0.02395537,0.030863937
75,money,dollar,8.42,,رقم,ڈالر,0.38713098,0.352887,0.3432359,0.32028925,0.3024963,0.30025426,0.2866127,0.28643048,0.27909422,0.2745346,0.2782391,0.26973796,0.27081564,0.26840147,0.26083836,0.3553763,0.3248095,0.31531903,0.3014267,0.28808218,0.27735373,0.27044812,0.2713332,0.26039726
76,money,currency,9.04,,رقم,کرنسی,0.31269524,0.32799396,0.34867772,0.31656668,0.28955767,0.3085843,0.2813542,0.26666054,0.2457647,0.2603475,0.23350547,0.23274022,0.2509363,0.22144285,0.21452352,0.3129185,0.31852564,0.30754077,0.31396747,0.28455704,0.26299965,0.25223646,0.21735854,0.21171293
77,money,wealth,8.27,,رقم,دولت,0.48926485,0.44266978,0.42338166,0.3587847,0.33618522,0.33238986,0.3506798,0.32880744,0.31536305,0.34401867,0.3271365,0.28146085,0.33971813,0.32592937,0.28308702,0.38046265,0.36216074,0.37186798,0.36375868,0.3182913,0.31624514,0.3576603,0.31783468,0.28510985
78,money,property,7.57,,رقم,جائیداد,0.5140875,0.50504506,0.5155911,0.44523856,0.43621978,0.43989095,0.37496412,0.38924283,0.3674184,0.37946683,0.34952146,0.34047857,0.32666236,0.33846107,0.3353354,0.48388898,0.4639716,0.47410837,0.3867346,0.39487463,0.37493294,0.3400513,0.3159043,0.29946974
79,money,possession,7.29,,رقم,ملکیت,0.33010983,0.35298473,0.34573305,0.2707172,0.2843494,0.26484534,0.22208689,0.22902063,0.20283364,0.21327756,0.19598337,0.1847278,0.20803909,0.20200264,0.18656535,0.29426867,0.30001846,0.31273955,0.2528041,0.22815984,0.23347387,0.2066006,0.18266651,0.19248793
80,money,deposit,7.73,,رقم,جمع,0.281274,0.18177287,0.19537221,0.19976942,0.16625075,0.15522674,0.1995707,0.17621529,0.14739417,0.18532026,0.1589556,0.15681045,0.16539058,0.15147422,0.14894159,0.25668284,0.22786134,0.17766398,0.20495111,0.17649752,0.14590871,0.17083986,0.14910641,0.14731766
81,money,laundering,5.65,,رقم,رشوت,0.42757994,0.43049937,0.45975894,0.38507557,0.3609647,0.35805196,0.35911506,0.3459762,0.35456246,0.3499227,0.33492234,0.34541702,0.33283758,0.3314197,0.3243138,0.39014944,0.4046198,0.39996332,0.35388187,0.35822183,0.35855922,0.33919156,0.33602726,0.3296365
82,money,operation,3.31,,رقم,کاروائی,0.23392457,0.20691551,0.17382087,0.18175775,0.13907982,0.14126399,0.18555146,0.17562975,0.18181431,0.18991682,0.17091767,0.15817426,0.18604663,0.16330363,0.15796462,0.2351218,0.20123456,0.16520636,0.18530372,0.170245,0.14947823,0.19222268,0.17693186,0.16427177
83,tiger,jaguar,8,,چیتا,تیندوا,0.5822494,0.60581803,0.5877672,0.52569515,0.51725245,0.56052035,0.45613372,0.4692153,0.45309895,0.43056092,0.41395,0.43625423,0.39867795,0.42741907,0.41234323,0.5319203,0.565085,0.5533061,0.5685003,0.47791532,0.4583937,0.4004954,0.3919992,0.39493555
84,tiger,feline,8,,چیتا,بلی,0.47969714,0.29629967,0.36655742,0.3506549,0.29462704,0.29555297,0.3002768,0.31948352,0.31433672,0.29870096,0.28734133,0.29028496,0.27228287,0.25032613,0.24827866,0.31702447,0.34478775,0.35402864,0.28596407,0.25852352,0.3287679,0.2571553,0.26893365,0.22946253
85,tiger,carnivore,7.08,,چیتا,گوشت,0.28781083,0.30597135,0.337319,0.18541831,0.27245113,0.23771693,0.19093174,0.17118667,0.22083485,0.15562251,0.1718633,0.13706876,0.13468358,0.1530724,0.12557517,0.2746635,0.28899482,0.31979185,0.16714057,0.18856868,0.20352781,0.08564926,0.121053636,0.15925792
86,tiger,mammal,6.85,,چیتا,جانور,0.42568833,0.38589844,0.47397876,0.32801655,0.41653073,0.42611012,0.3507823,0.30508584,0.3554483,0.28386217,0.31250185,0.3221871,0.30564204,0.25585437,0.31866825,0.38021964,0.3995975,0.47233874,0.33377513,0.35785723,0.38264537,0.2549512,0.28520054,0.28737855
87,tiger,animal,7,,چیتا,جانور,0.42568833,0.38589844,0.47397876,0.32801655,0.41653073,0.42611012,0.3507823,0.30508584,0.3554483,0.28386217,0.31250185,0.3221871,0.30564204,0.25585437,0.31866825,0.38021964,0.3995975,0.47233874,0.33377513,0.35785723,0.38264537,0.2549512,0.28520054,0.28737855
88,tiger,organism,4.77,,چیتا,حیاتیات,0.18162052,0.19642173,0.23083928,0.15642732,0.1843063,0.17035817,0.17757854,0.15768532,0.18532026,0.17430595,0.15263969,0.17800876,0.12095848,0.12843469,0.14883761,0.122443914,0.1630031,0.23043728,0.1616474,0.198362,0.22894813,0.1194981,0.17192304,0.13479663
89,tiger,fauna,5.62,,چیتا,جانور,0.42568833,0.38589844,0.47397876,0.32801655,0.41653073,0.42611012,0.3507823,0.30508584,0.3554483,0.28386217,0.31250185,0.3221871,0.30564204,0.25585437,0.31866825,0.38021964,0.3995975,0.47233874,0.33377513,0.35785723,0.38264537,0.2549512,0.28520054,0.28737855
90,tiger,zoo,5.87,,چیتا,چڑیاگھر,0.46753028,0.44286805,0.34320757,0.3403917,0.34717247,0.3452052,0.35460284,0.31708512,0.3611685,0.3185533,0.33989933,0.35036185,0.3375421,0.31619573,0.2911869,0.42125,0.34989098,0.38812605,0.36066702,0.36252093,0.37482953,0.25282693,0.32259429,0.32941008
91,psychology,psychiatry,8.08,,نفسیات,نفسیات,1,1,1,1,1,1,1,1,1,0.99999994,1,1,1,1,1,1,1,1,1,0.99999994,1,1,0.99999994,1
92,psychology,anxiety,7,,نفسیات,فکر,0.24218082,0.25685948,0.27993757,0.25273114,0.24500386,0.24180871,0.25116372,0.22203168,0.20450848,0.18193407,0.18875152,0.14817013,0.18295054,0.12851803,0.1355424,0.25505167,0.21430188,0.19968048,0.2657305,0.24608877,0.24927297,0.1727323,0.15459377,0.12014536
93,psychology,depression,7.42,,نفسیات,ذہنی,0.43977615,0.41765946,0.39139915,0.37385324,0.32793716,0.3425367,0.32605523,0.31460807,0.3139346,0.27993277,0.27877373,0.292269,0.2910237,0.22030511,0.24983296,0.41775605,0.38886032,0.40573382,0.34788436,0.32337987,0.31032497,0.2467997,0.24152577,0.24470337
94,psychology,clinic,6.58,,نفسیات,کلینک,0.2387514,0.2701652,0.19813298,0.17898704,0.19205594,0.15498632,0.11862141,0.11443468,0.14957137,0.09715126,0.12988721,0.119662516,0.10494658,0.10647114,0.1009176,0.20106848,0.25270852,0.18032154,0.15241139,0.12235054,0.16619411,0.12622988,0.1417717,0.09927176
95,psychology,doctor,6.42,,نفسیات,ڈاکٹر,0.30270505,0.3439386,0.36385408,0.26440457,0.27271372,0.28599554,0.24178198,0.23587696,0.25096565,0.23414561,0.21117847,0.22993043,0.18847412,0.17989306,0.16024172,0.28828263,0.32304335,0.32447073,0.28248554,0.2576176,0.26021412,0.19631943,0.17779091,0.19763413
96,psychology,mind,7.69,,نفسیات,دماغ,0.42843688,0.3810495,0.3574254,0.3083478,0.27542654,0.24602245,0.25002474,0.23875968,0.23047239,0.22482924,0.21557504,0.21052478,0.19908658,0.18727405,0.1832228,0.34996006,0.32306844,0.30723608,0.27382937,0.24899834,0.23221102,0.20495427,0.1921777,0.18755263
97,psychology,health,7.23,,نفسیات,صحت,0.454718,0.40888393,0.38041627,0.38537025,0.34564826,0.34884042,0.36077902,0.30409023,0.28446314,0.31679854,0.28034034,0.25324512,0.2759399,0.2681171,0.2676844,0.40749466,0.35150883,0.35485256,0.36157694,0.3369013,0.31284365,0.2977267,0.26715857,0.27968723
98,psychology,science,6.71,,نفسیات,سائنس,0.45980442,0.47088304,0.462876,0.2905665,0.31380174,0.32319668,0.25903487,0.21270059,0.21704091,0.16487946,0.17085482,0.19316967,0.15509883,0.17172618,0.154178,0.42886722,0.38247815,0.38900632,0.25908276,0.2618793,0.27389383,0.15769377,0.16463175,0.14207168
99,psychology,discipline,5.58,,نفسیات,ضبط,0.16511585,0.0867888,0.028918665,0.067716785,0.07035817,0.016640557,0.05667683,0.006046176,-0.078050554,0.012053849,-0.024542386,-0.049269784,0.023623638,0.034965992,-0.013827185,0.101908,0.06769916,0.054426357,0.07671193,0.011467119,-0.005708989,-0.006275177,-0.010259545,-0.00366844
100,psychology,cognition,7.48,,نفسیات,شعور,0.3234063,0.3162535,0.2727313,0.22282128,0.22811858,0.16263172,0.18759798,0.16373749,0.13891362,0.16624333,0.113030985,0.1169883,0.16598864,0.12262537,0.110909,0.25729084,0.20260036,0.19336452,0.20075935,0.17684987,0.16434887,0.15248665,0.12922037,0.08351553
101,planet,star,8.45,,سیارہ,ستارا,0.5139834,0.51226455,0.4818878,0.43271562,0.4274563,0.41020364,0.3990879,0.35047126,0.30345038,0.33906487,0.30252427,0.27956888,0.3469781,0.27378643,0.25363353,0.5199276,0.5120783,0.48703778,0.40733504,0.39824718,0.36801583,0.32752737,0.27161306,0.21005404
102,planet,moon,8.08,,سیارہ,چاند,0.5358599,0.5270116,0.5754941,0.42642844,0.48926046,0.48116896,0.3988928,0.43722644,0.4286609,0.4061537,0.37820333,0.3989592,0.36090773,0.3349927,0.36044648,0.5101167,0.5212638,0.54877067,0.43338662,0.43703088,0.4599157,0.34842575,0.33432013,0.32787114
103,planet,sun,8.02,,سیارہ,سورج,0.57084036,0.6143512,0.6564585,0.48814827,0.52067566,0.55924803,0.45855808,0.45614198,0.49419084,0.38833284,0.43340877,0.4506301,0.3989878,0.41851306,0.42888072,0.5585782,0.5794022,0.64869267,0.4499195,0.51756924,0.52652,0.39925528,0.4094526,0.3931973
104,planet,galaxy,8.11,,سیارہ,کہکشاں,0.44424352,0.5145099,0.5147164,0.41201806,0.44339556,0.5187513,0.35393643,0.41062355,0.47148868,0.32495287,0.39744616,0.41331688,0.31466573,0.33374575,0.3863049,0.42935008,0.4369821,0.5122893,0.38455486,0.45928425,0.47929493,0.29099727,0.340602,0.35942364
105,planet,space,7.92,,سیارہ,خلا,0.43779698,0.49850821,0.49321318,0.36749086,0.36614838,0.41473028,0.33993688,0.33880267,0.3271441,0.27529708,0.3074516,0.32766163,0.2569893,0.28276548,0.3042592,0.40671042,0.4734178,0.4784379,0.32713404,0.35905775,0.31734937,0.27633914,0.27138895,0.28531247
106,planet,astronomer,7.94,,سیارہ,خلائی,0.49057016,0.49464482,0.5449739,0.42371207,0.45797628,0.4539612,0.37826967,0.40715376,0.40749785,0.35595506,0.35596052,0.38430297,0.32593343,0.34402037,0.37949565,0.47169214,0.49071717,0.50686675,0.41203332,0.4170732,0.423942,0.32379103,0.33418342,0.33721983
107,precedent,example,5.85,,وضاحت,مثال,0.35288554,0.29631054,0.21848734,0.2837404,0.2351873,0.20724377,0.27086076,0.23531698,0.20351607,0.26462325,0.21952565,0.19278955,0.2546527,0.21764663,0.18177378,0.30684692,0.25885877,0.2190597,0.2829813,0.21842322,0.20130846,0.24642752,0.20914538,0.1845237
108,precedent,information,3.85,,وضاحت,معلومات,0.4407632,0.43221664,0.42950502,0.3879203,0.36568922,0.37628534,0.35867852,0.3472677,0.35067198,0.3491284,0.3381087,0.3428083,0.31642738,0.3198459,0.31736776,0.41965804,0.41854766,0.4272068,0.37112403,0.36740798,0.36315814,0.31918114,0.3102667,0.3081713
109,precedent,cognition,2.81,,وضاحت,سنجیدگی,0.27771956,0.23447968,0.22150883,0.19293094,0.15738782,0.12612168,0.19816971,0.15785293,0.12230628,0.17510565,0.14879058,0.11665688,0.15278457,0.12864932,0.12774049,0.25121853,0.20698623,0.16914412,0.17528883,0.12717682,0.089492425,0.17508823,0.13581319,0.11507805
110,precedent,law,6.65,,وضاحت,قانون,0.1651012,0.12652421,0.16701403,0.11886631,0.128721,0.14018154,0.13744994,0.11981101,0.117488004,0.11797615,0.11614022,0.1195303,0.10623641,0.110111624,0.119545735,0.14715998,0.16752906,0.15550184,0.124115296,0.13190626,0.1297739,0.13645878,0.11422036,0.11545805
111,precedent,collection,2.5,,وضاحت,جمع,0.13996518,0.1454273,0.14715879,0.08186765,0.088082835,0.08956104,0.07844514,0.07426963,0.08981798,0.06998709,0.07069116,0.07634511,0.07592174,0.06291266,0.084984094,0.12904464,0.136512,0.1373295,0.07592954,0.08504641,0.08530563,0.08375954,0.07849884,0.086626306
112,precedent,group,1.77,,وضاحت,گروپ,-0.25034428,-0.23079045,-0.13968414,-0.16961558,-0.16419943,-0.1259071,-0.1304384,-0.11396969,-0.12871593,-0.12599531,-0.11702837,-0.13407634,-0.115550935,-0.11378943,-0.12596396,-0.25043303,-0.24387917,-0.19542095,-0.14956169,-0.15132166,-0.14476588,-0.11248946,-0.1241941,-0.12471715
113,precedent,antecedent,6.04,,وضاحت,سابق,0.058113255,0.08035357,0.1082783,0.02901678,0.060001485,0.06019767,0.05189247,0.056367353,0.05890088,0.047768857,0.05194623,0.049949504,0.03953949,0.04233111,0.06731202,0.02589041,0.003617622,0.057708252,0.047989853,0.0676869,0.057997312,0.046692368,0.060096033,0.05218818
114,cup,article,2.4,,کپ,چیز,-0.09151668,0.01031598,0.006014931,-0.082129665,-0.08117203,-0.06907597,-0.10864407,-0.03777992,-0.03799611,-0.090900406,-0.037253745,-0.026887134,-0.08682921,-0.05185001,-0.025746245,-0.08718224,-0.049731895,-0.04880488,-0.06996527,-0.06220001,-0.048068143,-0.067877814,-0.048394255,-0.0192728
115,cup,artifact,2.92,,کپ,مصنوعی,-0.10346235,-0.08921405,-0.054156464,-0.05975069,-0.017226482,0.07396805,-0.06213214,-0.007158847,0.000322633,-0.007182613,-0.029920092,-0.06282215,-0.05754745,-0.03519821,-0.015499248,-0.104675174,-0.08654873,-0.05789025,-0.039455596,-0.007585267,0.008156613,-0.03700046,-0.04020585,-0.042971317
116,cup,object,3.69,,کپ,چیز,-0.09151668,0.01031598,0.006014931,-0.082129665,-0.08117203,-0.06907597,-0.10864407,-0.03777992,-0.03799611,-0.090900406,-0.037253745,-0.026887134,-0.08682921,-0.05185001,-0.025746245,-0.08718224,-0.049731895,-0.04880488,-0.06996527,-0.06220001,-0.048068143,-0.067877814,-0.048394255,-0.0192728
117,cup,entity,2.15,,کپ,ہستی,-0.09376388,-0.044204116,-0.064168796,-0.06867314,-0.034569133,-0.001649031,-0.08267361,-0.082124084,-0.06632355,-0.08642119,-0.05039007,-0.04245552,-0.11226073,-0.062205028,-0.016800031,-0.06639674,-0.035016343,0.03575991,-0.114032805,-0.07334815,-0.028912304,-0.10097129,-0.06871745,-0.02884683
118,cup,substance,1.92,,کپ,چیز,-0.09151668,0.01031598,0.006014931,-0.082129665,-0.08117203,-0.06907597,-0.10864407,-0.03777992,-0.03799611,-0.090900406,-0.037253745,-0.026887134,-0.08682921,-0.05185001,-0.025746245,-0.08718224,-0.049731895,-0.04880488,-0.06996527,-0.06220001,-0.048068143,-0.067877814,-0.048394255,-0.0192728
119,jaguar,cat,7.42,,تیندوا,بلی,0.33904785,0.371524,0.41850072,0.3084824,0.300155,0.2821919,0.24423714,0.27917308,0.28736883,0.31986922,0.24673174,0.23280129,0.23606078,0.21508498,0.22407474,0.35978734,0.31933263,0.34374252,0.36715823,0.29443908,0.22927335,0.31040815,0.23376633,0.21339199
120,energy,secretary,1.81,,توانائی,سیکرٹری,0.10164164,0.02648526,-0.09589487,0.021261998,-0.038819574,-0.049004197,0.016844876,-0.04965319,-0.022952087,0.029445892,-0.022674546,-0.030292168,0.028775146,-0.010442554,-0.05262358,0.038261205,-0.050781474,-0.03087456,0.024170997,-0.02401887,-0.027620267,0.013965625,-0.018288018,-0.033499464
121,secretary,senate,5.06,,سیکرٹری,سینیٹ,0.21947278,0.26096746,0.26963776,0.17624225,0.2062944,0.248327,0.11987285,0.20021425,0.16069005,0.11807224,0.14482394,0.13966763,0.111317545,0.13401656,0.12352695,0.19433384,0.23778094,0.25544924,0.12801269,0.18916157,0.16084069,0.09568452,0.1454362,0.11754727
122,energy,laboratory,5.09,,توانائی,لیبارٹری,0.06918984,0.116563775,0.101538025,0.1092002,0.06715989,0.078269385,0.090010196,0.047256783,0.004149379,0.026591834,-0.002600061,0.006073803,0.019839415,-0.016122509,-0.02441952,0.13202332,0.07000627,0.046327412,0.12017788,0.067240536,0.060069785,0.04237825,0.004542228,-0.04999978
123,computer,laboratory,6.78,,کمپیوٹر,لیبارٹری,0.36658037,0.40513426,0.40197682,0.2778446,0.25438794,0.22938564,0.24616607,0.22784054,0.20962258,0.19065106,0.18556309,0.18800129,0.18304421,0.15404686,0.17941846,0.35623276,0.3680588,0.33021984,0.23775348,0.22599556,0.20792627,0.17426223,0.21127816,0.17369473
124,weapon,secret,6.06,,ہتھیار,راز,0.3414984,0.31566316,0.29698783,0.2545319,0.2650071,0.23197265,0.2531169,0.20978093,0.21446644,0.22409588,0.22260168,0.18920027,0.22429955,0.22222307,0.20278873,0.28299028,0.29232505,0.24792019,0.2545671,0.21490203,0.2306607,0.2310984,0.20005515,0.19433072
125,investigation,effort,4.59,,تحقیقات,کوشش,0.3420714,0.28891712,0.27345553,0.27337816,0.22092775,0.20441481,0.24293229,0.19125196,0.16643108,0.22947906,0.19069311,0.15482558,0.23541747,0.1798566,0.15022042,0.3150894,0.28312933,0.26100346,0.25758755,0.2035692,0.18068478,0.22190364,0.1818226,0.14962748
126,Mars,water,2.94,,مریخ,پانی,0.37045068,0.35074025,0.34768477,0.2899134,0.28258252,0.28756246,0.2662457,0.27929795,0.25015992,0.26534793,0.24483258,0.2346039,0.22527951,0.23495497,0.23050386,0.33386475,0.31585693,0.33288735,0.2779072,0.29054427,0.25250015,0.21576187,0.23005182,0.23046486
127,Mars,scientist,5.63,,مریخ,سائنسدان,0.29593712,0.37639868,0.41753873,0.26179332,0.34064817,0.35557374,0.27217183,0.32591212,0.32106233,0.25479072,0.29103658,0.30440724,0.2058964,0.27428296,0.2811875,0.265394,0.35601622,0.4062664,0.26137632,0.3193894,0.32883677,0.22923747,0.23813051,0.26868466
128,news,report,8.16,,خبریں,رپورٹ,0.35154164,0.3437193,0.33318767,0.3006219,0.3176847,0.3102201,0.29732075,0.27935416,0.26533985,0.27606514,0.2747175,0.25335097,0.2658562,0.25934848,0.24095611,0.35683736,0.33811763,0.32257187,0.30867642,0.2934718,0.2816857,0.25844753,0.2459237,0.24103713
129,canyon,landscape,7.53,,وادی,زمین,0.37217742,0.37614512,0.3456715,0.27671772,0.31305757,0.25177318,0.24995004,0.22399506,0.2357312,0.22689696,0.1888702,0.19564773,0.20518711,0.19499065,0.20864287,0.2988648,0.27879465,0.37151968,0.25566554,0.23583007,0.26588923,0.20480743,0.2179049,0.17755947
130,image,surface,4.56,,تصویر,سطح,0.04885565,0.0035089,0.013121121,-0.018750269,0.023051105,0.000874556,-0.003286529,-0.004446958,-0.007386393,0.005832253,0.004466771,0.009512795,0.011231072,0.016012542,0.017797483,0.024658218,0.017317563,-0.002520541,0.002440855,-0.002455436,0.017344657,0.00383332,0.024508007,0.013436284
131,discovery,space,6.34,,دریافت,جگہ,0.101870164,0.12688838,0.14643782,0.10364842,0.11358868,0.09841865,0.08398274,0.10840501,0.08554456,0.08287199,0.086129695,0.08174363,0.07971267,0.07377966,0.08934353,0.09510938,0.11888339,0.14298715,0.07928814,0.09197315,0.10160488,0.07729457,0.09709903,0.09666722
132,Wednesday,news,2.22,,بدھ,خبریں,0.06349026,0.049896225,0.01046524,0.008705933,0.003133205,0.033741884,-0.010112497,-0.000634955,-0.004833079,-0.024055026,0.000113611,-0.001015464,-0.02301401,0.002764761,-0.011744542,0.018530596,0.029942233,0.037887484,-0.000544101,-0.001278646,0.011893652,-0.016277254,-0.000419525,0.010842391
133,mile,kilometer,8.66,,میل,کلومیٹر,0.40384164,0.3877041,0.4664699,0.46450123,0.4012772,0.38264728,0.42591733,0.41575706,0.3901772,0.39567897,0.38236994,0.34703428,0.40569085,0.3685327,0.36179975,0.4309131,0.443348,0.42704663,0.4249737,0.4066777,0.38162148,0.39487296,0.3790624,0.36633232
134,computer,news,4.47,,کمپیوٹر,خبریں,0.10140324,0.033160716,0.027407352,0.051064055,0.020501684,0.012449879,0.017069131,0.013658179,0.003375911,0.03610204,0.014164156,0.029087598,0.047312275,0.003666791,0.007663156,0.08525002,0.07814317,-0.010017752,0.042430833,0.038229406,0.022560066,0.03570939,0.002804965,0.000189887
135,territory,surface,5.34,,علاقہ,سطح,0.031520117,0.025020808,0.016336666,0.040302143,0.032618184,0.048838284,0.030253015,0.023667585,0.039098147,0.019963777,0.007047226,0.021068018,0.019895026,0.009893714,0.009853522,0.035528302,0.07349046,0.04349834,0.049462896,0.04359892,0.0542303,0.02643482,0.02066344,0.015786823
136,atmosphere,landscape,3.69,,ماحول,زمین,0.22839202,0.20158772,0.21808818,0.18631306,0.17412333,0.15260255,0.16700986,0.14084356,0.12715037,0.15490547,0.1344633,0.13432112,0.15056928,0.15611468,0.12726596,0.17898643,0.21783258,0.20924139,0.15885128,0.15333593,0.122550815,0.15525432,0.15867473,0.14425975
137,president,medal,3,,صدر,تمغے,0.022124665,0.024389703,0.04285142,-0.012420546,0.033792406,-0.034282148,0.016486889,0.031691723,0.009294372,0.034285974,0.05437146,0.024397664,0.037033085,0.057414196,0.03702879,0.0219584,0.029942973,0.05269399,0.029516637,0.008331027,0.022908429,0.049604706,0.03536654,0.0415778
138,war,troops,8.13,,جنگ,فوجیوں,0.27063245,0.31766587,0.38009074,0.18769665,0.28458327,0.29823568,0.18234938,0.23668683,0.27487546,0.1712926,0.22773063,0.26726326,0.19948393,0.21416993,0.25509113,0.19133037,0.2588241,0.34447348,0.18328902,0.267375,0.30267078,0.17436936,0.21806802,0.24841306
139,record,number,6.31,,ریکارڈ,نمبر,0.21871366,0.21361639,0.20271593,0.20924844,0.18590191,0.17864823,0.17738006,0.18117544,0.17675726,0.17199188,0.17422765,0.16885532,0.17136565,0.16936104,0.1626403,0.24987379,0.22586888,0.22090234,0.1914936,0.17871508,0.17698479,0.16578597,0.16276121,0.16948938
140,Japanese,American,6.5,,جاپانی,امریکی,0.77637523,0.7695489,0.779253,0.67158824,0.6378331,0.6630765,0.6397943,0.5926332,0.5673754,0.5751424,0.5572594,0.5422408,0.5336851,0.51976895,0.52472776,0.74135256,0.7537589,0.72522247,0.6614831,0.59728265,0.6118058,0.5364139,0.51517344,0.50589293
141,theater,history,3.91,,تھیٹر,تاریخ,-0.12540361,-0.062495176,-0.07282709,-0.1035292,-0.10537899,-0.08042711,-0.0667292,-0.088450566,-0.05632884,-0.07847544,-0.05972183,-0.040635414,-0.06930892,-0.055281196,-0.04352832,-0.069610246,-0.09894182,-0.11784872,-0.0703083,-0.09893017,-0.07387162,-0.031653106,-0.061679833,-0.041806187
142,volunteer,motto,2.56,,رضاکارانہ,مثلا,-0.045528017,-0.079574496,-0.071599916,-0.06273672,-0.07099781,-0.062345173,-0.001878673,-0.057885673,-0.055534814,-0.04653823,-0.07527085,-0.02577811,-0.069242,-0.04806907,-0.036776382,-0.094207525,-0.054437783,-0.063853756,-0.037068237,-0.052706614,-0.08631127,-0.017613303,-0.065184996,-0.044600252
143,prejudice,recognition,3,,تعصب,شناخت,0.16308767,0.14613722,0.1131184,0.112484686,0.067846514,0.110570416,0.13937077,0.088660754,0.08789578,0.11747464,0.076944634,0.08783638,0.10590998,0.07125461,0.078813404,0.14344248,0.09666057,0.09674509,0.079277135,0.074686185,0.076863825,0.10276416,0.08313024,0.07903344
144,decoration,valor,5.63,,سجاوٹ,قدر,0.13821061,0.08549069,0.081818104,0.12396803,0.07447027,0.042932123,0.13277282,0.041812003,0.06906202,0.12764789,0.07378335,0.035660613,0.14274667,0.08361584,0.048962045,0.12889963,0.08887142,0.116063476,0.14499106,0.07226089,0.03640858,0.13872069,0.07563703,0.050992176
145,century,year,7.59,,صدی,سال,0.58510613,0.56365037,0.5465434,0.5330605,0.49456602,0.46916503,0.48132896,0.468266,0.452089,0.4361001,0.4391,0.42430398,0.4139104,0.4232578,0.4043701,0.5557599,0.53278524,0.52421266,0.5021026,0.4772027,0.4744544,0.41157827,0.40312067,0.41222182
146,century,nation,3.16,,صدی,ملک,0.17256975,0.15370132,0.16982614,0.09275769,0.10154477,0.1103053,0.092561014,0.12845266,0.117588475,0.1099674,0.12938716,0.08788322,0.08525738,0.11854499,0.10614898,0.08440375,0.09708307,0.13632306,0.10029229,0.14317544,0.11689117,0.10469191,0.11450459,0.09925539
147,delay,news,3.31,,تاخیر,خبریں,0.078936316,0.037957277,-0.004998342,0.09129536,0.033314116,0.027825793,0.08881875,0.06503554,0.043614846,0.1029734,0.043759298,0.031491064,0.07373747,0.05656047,0.032756887,0.082176864,0.027470995,0.02362625,0.10187657,0.0734043,0.05077449,0.080695264,0.06069688,0.03203729
148,minister,party,6.63,,وزیر,پارٹی,0.19179446,0.21004446,0.16011764,0.15906186,0.14170451,0.15031268,0.18534534,0.15402195,0.15685305,0.17123622,0.16287169,0.14605348,0.15170665,0.15907742,0.15253383,0.16140586,0.14024022,0.20143366,0.14555837,0.14127624,0.1605702,0.13420373,0.15853043,0.15772891
149,peace,plan,4.75,,امن,منصوبہ,0.12521718,0.13516615,0.12188488,0.11626055,0.10168191,0.08496422,0.104648896,0.06873923,0.06360764,0.06172438,0.086230084,0.060683247,0.09225339,0.07678234,0.07123277,0.1376012,0.13462129,0.09761065,0.0959605,0.07069853,0.06760783,0.09703168,0.073798895,0.052982625
150,minority,peace,3.69,,اقلیت,امن,0.3024705,0.34233385,0.35493112,0.23235373,0.23182763,0.27809983,0.21879038,0.23757273,0.25357768,0.18349615,0.23476233,0.20520131,0.18006343,0.22309086,0.19637673,0.2564324,0.27482563,0.28198424,0.2300515,0.27716523,0.22650024,0.19057271,0.19920233,0.20766363
151,attempt,peace,4.25,,کوشش,امن,0.010099423,0.029956726,0.06623301,0.05636947,0.03591154,0.05798712,0.022343654,0.044970673,0.03890209,0.05185158,0.034116898,0.042240355,0.04602996,0.05484578,0.046375044,0.06381544,0.06801074,0.05625789,0.04378744,0.047128387,0.04430312,0.05442901,0.063701674,0.06089528
152,government,crisis,6.56,,حکومت,بحران,0.30903795,0.30895618,0.32078648,0.2719899,0.27843404,0.26330364,0.24907061,0.25072625,0.253068,0.22007583,0.22916614,0.22947314,0.22428228,0.20698273,0.23153542,0.28283215,0.28152356,0.28970495,0.24489123,0.25354642,0.25615457,0.21203652,0.21841487,0.22949111
153,deployment,departure,4.25,,تعیناتی,روانگی,0.31630272,0.28420427,0.3273214,0.32002157,0.27402446,0.26050892,0.29567707,0.25134555,0.23235112,0.2730626,0.22391674,0.20754448,0.27975342,0.22244032,0.21379974,0.3520533,0.30050927,0.31209144,0.30537453,0.25907212,0.2416077,0.26122528,0.22345427,0.21803421
154,deployment,withdrawal,5.88,,تعیناتی,واپسی,0.34663156,0.30431354,0.30139902,0.33738318,0.30413526,0.3132529,0.30299994,0.3051415,0.3069506,0.28984645,0.27335396,0.26807436,0.2921463,0.28114977,0.29701775,0.3406721,0.3080892,0.33334816,0.31540263,0.32837874,0.29964355,0.2640051,0.2745499,0.28250173
155,energy,crisis,5.94,,توانائی,بحران,0.2313525,0.16319878,0.16462709,0.18965356,0.123979785,0.0898646,0.15247071,0.09952262,0.08131685,0.14230356,0.07773401,0.06402531,0.14129022,0.08017027,0.05991253,0.22109085,0.145129,0.14052443,0.16763043,0.10454804,0.088728026,0.133278,0.06234062,0.05706279
156,announcement,effort,2.75,,اعلان,کوشش,0.11166852,0.12514082,0.1250835,0.092029855,0.10180996,0.09280607,0.086510725,0.10426053,0.092961684,0.08888352,0.09770975,0.10085339,0.095315985,0.102687515,0.10059008,0.10966456,0.11539833,0.11442919,0.07970095,0.09425843,0.08854413,0.0836599,0.09901267,0.102970555
157,disability,death,5.47,,معذور,موت,0.19234459,0.20263265,0.15958267,0.14153188,0.110791594,0.1321933,0.17068982,0.1246892,0.12127829,0.14026865,0.12276296,0.14096475,0.1260897,0.11977588,0.12669191,0.15239005,0.13862681,0.12478346,0.16936676,0.15658146,0.1182907,0.13117576,0.1270647,0.104905374
158,treatment,recovery,7.91,,علاج,بازیابی,0.46525198,0.46919966,0.45124188,0.33356714,0.35176808,0.34699875,0.31257042,0.27892628,0.28614753,0.27958164,0.25671592,0.23821345,0.2648121,0.25520533,0.22711925,0.41332543,0.38810626,0.40386912,0.3206455,0.2953248,0.3089898,0.23891522,0.2328153,0.22561583
159,doctor,personnel,5,,ڈاکٹر,افراد,-0.067815356,-0.097024985,-0.07342263,-0.030990973,-0.049408916,-0.042101,-0.05958176,-0.053071443,-0.043423273,-0.079619884,-0.058471575,-0.06488209,-0.06274292,-0.057358697,-0.06247886,-0.08916781,-0.08775824,-0.030944537,-0.0454614,-0.04736591,-0.03736859,-0.050151296,-0.061515383,-0.055212986
160,liability,insurance,7.03,,قرض,انشورنس,0.23718202,0.22372088,0.1884972,0.21741505,0.19598825,0.18265112,0.20407687,0.20674281,0.17646196,0.19574356,0.17149778,0.16167058,0.18968478,0.17197472,0.16243349,0.22216068,0.19150934,0.16838731,0.19490191,0.16370964,0.15981752,0.20168287,0.200987,0.17059696
161,school,center,3.44,,اسکول,مرکز,0.11349499,0.090869896,0.062028382,0.15362503,0.08093343,0.107963406,0.11098615,0.09744067,0.09285504,0.10123102,0.07168842,0.05235976,0.0768511,0.09163811,0.06167601,0.07548751,0.11187303,0.12204305,0.098271,0.1093858,0.111270644,0.06399512,0.0721136,0.07375504
162,reason,criterion,5.91,,وجہ,معیار,0.066064425,0.10083649,0.09885219,0.08309645,0.09987565,0.113233104,0.07423496,0.093869634,0.09448277,0.07086976,0.083697155,0.08590152,0.07247369,0.08314133,0.07805433,0.09647254,0.10795236,0.11648112,0.09300299,0.10026975,0.10747094,0.059834853,0.08251416,0.08282835
163,hundred,percent,7.38,,سو,فیصد,0.45696554,0.4349262,0.38592234,0.39049163,0.32666665,0.30273274,0.35414013,0.29555032,0.25275195,0.32577372,0.27429882,0.22994903,0.3243915,0.25572023,0.21507803,0.4363613,0.40645978,0.38561702,0.37298274,0.2975543,0.26615876,0.32779962,0.2562532,0.21400326
164,hospital,infrastructure,4.63,,ہسپتال,انفراسٹرکچر,0.13366528,0.15547518,0.14254314,0.13060941,0.092893705,0.14873667,0.112918586,0.1359799,0.095934756,0.10804395,0.10401002,0.10861043,0.08926628,0.10226185,0.10554346,0.116535336,0.12464477,0.134111,0.13651896,0.119251795,0.121208556,0.097767696,0.11709286,0.11373514
165,death,row,5.25,,موت,قطار,0.15981892,0.113523565,0.06752987,0.0848552,0.07955963,0.027252106,0.042951446,0.03499844,0.03815358,0.038442038,0.04012263,0.020646993,0.08296599,0.039281845,0.01742577,0.12694559,0.06060424,0.08239128,0.081498794,0.023831569,0.04752753,0.09285153,0.032628294,0.025921188
166,death,inmate,5.03,,موت,قیدی,0.19819404,0.1986113,0.19596474,0.16791831,0.14165427,0.15937877,0.12938575,0.1346302,0.12260675,0.14494441,0.14341882,0.10418845,0.09490981,0.101978555,0.09994031,0.15610938,0.18141343,0.19594139,0.1478427,0.14022076,0.120361045,0.12463176,0.11083932,0.115073785
167,lawyer,evidence,6.69,,وکیل,ثبوت,0.21124202,0.24168214,0.2817571,0.16895096,0.19114806,0.20516169,0.13302898,0.16878112,0.19759366,0.13522789,0.15205798,0.15985182,0.11128413,0.12856844,0.15943517,0.16774064,0.24277252,0.24882282,0.13895692,0.17939253,0.19315487,0.120036766,0.14317511,0.1565898
168,life,death,7.88,,زندگی,موت,0.39627278,0.36639667,0.34014145,0.293908,0.26530403,0.26285952,0.25430426,0.2403316,0.21269894,0.2672287,0.2234897,0.20330167,0.26268926,0.22671808,0.19041301,0.35339585,0.33810413,0.32418472,0.2447324,0.22991486,0.20881337,0.2619362,0.21639317,0.19073546
169,life,term,4.5,,زندگی,اصطلاح,0.19897707,0.21461667,0.22199053,0.14745674,0.14392392,0.12155911,0.12564538,0.112412,0.06975828,0.119620025,0.064726554,0.056787368,0.11101246,0.073550045,0.05645551,0.21382324,0.23555762,0.17398229,0.1426647,0.10597354,0.110285714,0.10281703,0.0759515,0.041210838
170,governor,interview,3.25,,گورنر,انٹرویو,0.022411318,0.017560892,0.07268414,0.08462408,0.07657263,0.086797215,0.08471643,0.09167876,0.08852836,0.113124415,0.08798167,0.07238498,0.1144548,0.07011476,0.067109786,0.11158523,0.02846191,0.06754727,0.08798602,0.06481685,0.08283643,0.08571178,0.077162385,0.06690869
171,OPEC,country,5.63,,اوپیک,ملک,0.08298134,0.04990252,0.014522113,0.002866069,-0.028586006,-0.05444799,0.022948155,0.026249833,-0.010252512,0.05683397,0.016857525,0.003429577,0.03092367,0.007025475,-0.001332035,0.10273599,0.007998826,-0.004750243,0.047818698,0.007050585,-0.02112836,0.04018981,0.018608024,0.003512403
172,peace,atmosphere,3.69,,امن,ماحول,0.44107586,0.45679244,0.42831162,0.32297477,0.3067415,0.30399135,0.28384802,0.26426703,0.26081413,0.27166906,0.25504187,0.2425158,0.2724962,0.23808423,0.24009737,0.3770775,0.34994197,0.36488646,0.2982412,0.28199202,0.2569744,0.26620555,0.24374014,0.2449992
173,peace,insurance,2.94,,امن,انشورنس,0.006759459,-0.06251048,-0.07261082,0.01379745,-0.06810196,-0.07642705,0.094824046,0.005130685,-0.01020256,0.039808232,0.032109797,0.007888973,0.050671812,-0.03308803,0.000320888,0.011799332,-0.058955044,-0.05425957,0.02634643,-0.026982466,-0.018102907,0.041442662,0.02481915,-0.011195953
174,territory,kilometer,5.28,,علاقہ,کلومیٹر,0.14655188,0.16717139,0.21809834,0.115050815,0.15465067,0.17156811,0.15082023,0.1357686,0.18397452,0.14865424,0.15560162,0.17795373,0.14038604,0.15748064,0.1781972,0.13428794,0.17807809,0.15166193,0.10755238,0.15342529,0.15853873,0.12820508,0.16496693,0.15911072
175,travel,activity,5,,سفر,سرگرمی,0.21655264,0.17022276,0.13587467,0.13215882,0.12944317,0.10347802,0.107749,0.09388063,0.08503443,0.070734,0.09415901,0.07367997,0.06952666,0.061121397,0.06847585,0.18733615,0.15335569,0.16096516,0.12637278,0.09946008,0.08848695,0.075015,0.060100723,0.057872776
176,consumer,confidence,4.13,,صارفین,اعتماد,-0.04946775,-0.07082012,-0.07601273,-0.06554058,-0.084382005,-0.09513311,-0.07076986,-0.06309034,-0.058749657,-0.068249606,-0.054895636,-0.055890013,-0.07856124,-0.054129887,-0.045427285,-0.094168976,-0.08304724,-0.084510796,-0.07014915,-0.06938296,-0.081519306,-0.06760274,-0.057804868,-0.05622915
177,consumer,energy,4.75,,صارفین,توانائی,0.04602846,0.043476377,0.057485644,0.11041779,0.0608489,0.061492994,0.0887801,0.054525137,0.04272752,0.07194433,0.03731984,0.04218618,0.071961045,0.0461459,0.038813554,0.11735424,0.056488786,0.062216844,0.108007096,0.06264542,0.07339236,0.067565925,0.028447835,0.038724378
178,car,flight,4.94,,گاڑی,پرواز,0.42820302,0.43485224,0.4466357,0.3507412,0.3522711,0.33037367,0.32297945,0.33458176,0.31073144,0.31369382,0.28896576,0.3067559,0.2987577,0.28806263,0.2753581,0.4064111,0.38727695,0.39773124,0.33247656,0.31759554,0.32182977,0.29201782,0.2995219,0.28138334
179,credit,information,5.31,,کریڈٹ,معلومات,0.18023375,0.17884189,0.15675907,0.12533343,0.09404705,0.11304797,0.12685677,0.09358962,0.095293164,0.11563487,0.092293225,0.098498546,0.119632736,0.08956476,0.07241195,0.17708236,0.14953935,0.1484594,0.12877345,0.105512425,0.090696335,0.09857964,0.07584272,0.07315421
180,hotel,reservation,8.03,,ہوٹل,بکنگ,0.22678044,0.30029178,0.30921787,0.15143459,0.17573123,0.19799383,0.113280185,0.14956881,0.17011173,0.13751824,0.109192066,0.14957772,0.09182758,0.09890799,0.13395862,0.17080835,0.26211348,0.2606092,0.14499524,0.14750823,0.1860528,0.09500308,0.12648998,0.14366475
181,grocery,money,5.94,,گروسری,پیسے,0.025193978,0.0956803,0.015596684,0.06428776,0.001397209,0.031197952,0.077021636,0.015011407,0.031690598,0.07137872,0.045024384,0.03680995,0.089428425,0.057269406,0.06288618,0.048805688,0.048644867,0.07306121,0.07535973,-0.020622978,0.060086913,0.052257977,0.04696484,0.06690571
182,registration,arrangement,6,,اندراج,انتظام,0.36131403,0.3532917,0.3010613,0.29864568,0.26236477,0.2743714,0.29114777,0.2495183,0.19519387,0.28764892,0.22032826,0.18598813,0.28183845,0.23902264,0.1848929,0.3730275,0.35017574,0.31073448,0.31845033,0.24416968,0.22504266,0.2888515,0.21560176,0.18626887
183,arrangement,accommodation,5.41,,انتظام,رہائش,0.09234676,0.059380434,0.09091745,0.07729971,0.10109723,0.099362,0.040186264,0.079825826,0.08431283,0.05582663,0.038863733,0.054584373,0.049195867,0.028223742,0.06382008,0.09960526,0.1169484,0.16565767,0.054515984,0.08792296,0.07959262,0.030151434,0.05216095,0.05051654
184,month,hotel,1.81,,مہینہ,ہوٹل,0.012337071,0.00411835,-0.017123468,0.03404011,0.009176502,-0.000427339,0.030583186,0.021305775,0.003407174,0.01977415,-0.011018637,0.007070714,0.001947843,0.005979039,-0.024608778,0.025502589,0.003965367,-0.017594598,-0.008840247,0.001118471,-0.008953255,0.011665626,0.00334483,-0.023105856
185,type,kind,8.97,,طرح,قسم,0.61471486,0.66156006,0.6791281,0.5805737,0.59926254,0.60278785,0.5606202,0.5583342,0.56198066,0.5282356,0.54775065,0.53822494,0.5191316,0.5338362,0.5178539,0.59688365,0.62985563,0.62446475,0.5563291,0.58438635,0.58688706,0.5307281,0.5318987,0.5207274
186,bed,closet,6.72,,بستر,الماری,0.47684044,0.50912696,0.47147036,0.42265853,0.42097357,0.42918986,0.38708678,0.33101228,0.35795426,0.36173078,0.32809195,0.36049676,0.3052345,0.3207921,0.30717465,0.44752914,0.50897425,0.4725834,0.38538212,0.33167896,0.35585195,0.33342996,0.32842296,0.3426659
187,closet,clothes,8,,الماری,کپڑے,0.4581012,0.55744624,0.51863986,0.4194312,0.37420946,0.3895827,0.34691188,0.3556668,0.3356262,0.3422519,0.32513422,0.30420035,0.28342763,0.27050883,0.28935698,0.45369732,0.4639237,0.49403834,0.3545996,0.38102427,0.37016076,0.3059247,0.28581712,0.26827013
188,situation,conclusion,4.81,,حالات,نتیجہ,0.17168716,0.16410477,0.13833913,0.16319583,0.14720947,0.15696435,0.1464789,0.13617216,0.10952371,0.1679374,0.12543826,0.11133078,0.13765451,0.1194236,0.10110614,0.15546346,0.15745473,0.14272183,0.17813095,0.15360597,0.10634615,0.14901915,0.10819477,0.1026199
189,situation,isolation,3.88,,حالات,علیحدگی,0.13998903,0.14631619,0.11545999,0.13653205,0.13051765,0.15503857,0.10719128,0.10594329,0.11012344,0.102271184,0.10224549,0.115974195,0.11658542,0.10252141,0.11259648,0.14347312,0.1265586,0.1566192,0.13015251,0.112989396,0.1477803,0.1031598,0.08873212,0.11727037
190,direction,combination,2.25,,سمت,مجموعہ,0.012512484,0.069346376,0.042976923,-0.052245904,-0.0239967,-0.00050202,-0.06274727,0.00065456,0.013867699,-0.047895856,-0.010059356,-0.008555652,-0.026458185,-0.032174263,0.01984003,0.02303572,0.025117747,0.026402742,-0.055281248,-0.003337771,-0.01872631,-0.022959633,0.008171909,0.007114401
191,street,place,6.44,,گلی,جگہ,0.28628233,0.30083168,0.21495149,0.2586422,0.16834123,0.17257297,0.22236577,0.15527503,0.14619541,0.18898351,0.17765273,0.14275591,0.19961743,0.14616457,0.10880371,0.27832344,0.21720494,0.22258002,0.22086078,0.1653636,0.14081547,0.19525152,0.15306465,0.12780583
192,street,avenue,8.88,,گلی,گلی,1,1,1,1,0.99999994,1,1,1,1,1.0000001,1,1,1,1,1,1,1,1,1,1,1,1,1,1
193,street,block,6.88,,گلی,بلاک,0.15717834,0.11929631,0.14633143,0.060825244,0.11365194,0.1211796,0.10439377,0.09758244,0.11387218,0.07239317,0.084640026,0.0800128,0.027563112,0.058293127,0.050750207,0.14202425,0.14249943,0.12956995,0.06947115,0.12595499,0.120743245,0.043297503,0.077865966,0.078602746
194,street,children,4.94,,گلی,بچے,0.18485044,0.17853099,0.19520201,0.10278075,0.10952112,0.14750722,0.09714603,0.085036054,0.07439184,0.07428832,0.07113674,0.07110329,0.07173258,0.08266479,0.09325683,0.13102126,0.14930484,0.18293394,0.08758054,0.093551785,0.096472606,0.0601643,0.06432469,0.07075479
195,listing,proximity,2.56,,فہرست,قربت,0.101239316,0.06677448,0.061227255,0.06059946,0.061643675,0.045589544,0.0886601,0.044800304,0.070365675,0.06168861,0.033587873,0.07896167,0.06190262,0.05423238,0.06068044,0.07615709,0.028062666,0.07351671,0.061786048,0.050620258,0.054658424,0.0858878,0.06838736,0.08381437
196,listing,category,6.38,,فہرست,قسم,0.16347758,0.17019151,0.21705309,0.1311809,0.1199827,0.11413883,0.1028973,0.09026414,0.08860437,0.08805049,0.08567023,0.06811698,0.088746816,0.088417634,0.08261738,0.17855768,0.16607985,0.13243216,0.11114457,0.087279364,0.09671997,0.10295452,0.087741464,0.06654155
197,cell,phone,7.81,,سیل,فون,0.19456838,0.20089184,0.15997118,0.1608905,0.16647397,0.20427592,0.119069226,0.13463847,0.15367085,0.1298134,0.12428677,0.1436549,0.12914206,0.12822609,0.12399496,0.14415057,0.17215914,0.21873853,0.14161745,0.13766846,0.1585306,0.11843658,0.124990135,0.1197616
198,production,hike,1.75,,پیداوار,پیدل,-0.0741838,-0.006451402,-0.07812835,-0.038579524,-0.07679068,-0.0845518,-0.036167804,-0.057319045,-0.05701054,-0.01874306,-0.034696463,-0.03910812,0.00377557,-0.007036176,0.004487135,-0.03914948,-0.06553982,-0.008918362,-0.027298689,-0.032220297,-0.08063051,-0.010539538,-0.006332327,-0.007084223
199,media,trading,3.88,,میڈیا,ٹریڈنگ,0.025070792,0.060635485,0.09219576,0.042894904,0.03376722,0.014011606,0.10062257,0.044005778,0.029360043,0.09296905,0.06858686,0.061510958,0.07793094,0.07626827,0.05768469,0.106171995,-0.001730394,-0.02733184,0.060594294,0.05069388,0.027460996,0.07223143,0.058967113,0.042619407
200,dividend,payment,7.63,,منافع,ادائیگی,0.2283009,0.17627078,0.20554836,0.21175504,0.17110738,0.16738777,0.15894122,0.14367421,0.11440119,0.15574679,0.14327437,0.12471076,0.15469378,0.121347636,0.13729435,0.19079101,0.16468577,0.15467691,0.19142641,0.13818403,0.13348494,0.14254752,0.12938964,0.12358556
201,dividend,calculation,6.48,,منافع,حساب,0.18553825,0.2266888,0.20706353,0.14741896,0.15900858,0.119403236,0.14290892,0.14996003,0.1261574,0.1524329,0.11883618,0.10941369,0.13440132,0.113765344,0.120999396,0.1692759,0.19407661,0.16000427,0.16907473,0.1354559,0.14844799,0.11710738,0.10901495,0.099993244
202,calculation,computation,8.44,,حساب,حساب,0.99999994,1,1,1,1,0.99999994,1,1,1,1,0.99999994,1,1,1,1,1,1,0.99999994,1,1,1,1,1,1
203,currency,market,7.5,,کرنسی,مارکیٹ,0.52904886,0.49759588,0.50239784,0.42093778,0.3991824,0.40432146,0.38082474,0.37312028,0.3646329,0.3601751,0.34510073,0.33794832,0.3494568,0.33723232,0.3301544,0.47063723,0.49035847,0.4782715,0.41605473,0.39777002,0.3699244,0.34205937,0.32254806,0.328247
204,OPEC,oil,8.59,,اوپیک,تیل,0.29968408,0.38025627,0.45823202,0.31961533,0.38834542,0.4149612,0.3206858,0.37703,0.3655258,0.30518237,0.35627553,0.36727968,0.28882086,0.3275874,0.34786826,0.3682112,0.3839245,0.4191851,0.33193347,0.38301438,0.3983391,0.2860959,0.33433387,0.35564852
205,oil,stock,6.34,,تیل,اسٹاک,0.20628922,0.19087338,0.14896871,0.14418769,0.14371634,0.12675892,0.17893171,0.13691261,0.13598701,0.17740922,0.15265706,0.1505399,0.17654613,0.16804351,0.14477867,0.18151048,0.19367637,0.152684,0.17065814,0.13397446,0.1273702,0.18358135,0.1534088,0.1496473
206,announcement,production,3.38,,اعلان,پیداوار,-0.12485005,-0.11256635,-0.08911273,-0.07721588,-0.058137972,-0.05899954,-0.0670235,-0.05082514,-0.05238961,-0.07213777,-0.065136984,-0.06635791,-0.08829216,-0.068694964,-0.07312848,-0.07537488,-0.055613928,-0.07249744,-0.076497726,-0.05336283,-0.047291312,-0.07986381,-0.07194843,-0.06471475
207,announcement,warning,6,,اعلان,انتباہ,0.64001673,0.57497823,0.54122096,0.5362503,0.49617276,0.45017448,0.50772893,0.46165946,0.41904485,0.49037367,0.42500955,0.38730302,0.4620719,0.4286239,0.38951758,0.57894623,0.5457105,0.5133264,0.5221708,0.46633187,0.4377352,0.47294712,0.42350715,0.40035963
208,profit,warning,3.88,,منافع,انتباہ,0.120856114,0.13385065,0.09966264,0.095066495,0.12611863,0.11434421,0.1342478,0.12614559,0.16171114,0.10501854,0.12170316,0.110544264,0.08599065,0.09964814,0.10979655,0.1122616,0.11173541,0.17292619,0.13813806,0.14848924,0.12921584,0.08302862,0.083644465,0.101102106
209,profit,loss,7.63,,منافع,نقصان,0.35901776,0.34980017,0.27315122,0.33254176,0.25818455,0.25255138,0.29984477,0.23400348,0.18567109,0.268553,0.20841461,0.185446,0.26043963,0.20010416,0.18395293,0.37016413,0.32009265,0.32406485,0.30473703,0.23193565,0.21356678,0.27029794,0.20587328,0.1860277
210,dollar,yen,7.78,,ڈالر,ین,0.34111142,0.35618365,0.33645087,0.35187027,0.33177933,0.2974487,0.30485234,0.27452314,0.23691264,0.29033586,0.25363103,0.22531232,0.2723802,0.2286064,0.21069954,0.35757226,0.33897915,0.33273056,0.29088947,0.28914246,0.26445726,0.27495527,0.2302122,0.19750014
211,dollar,buck,9.22,,ڈالر,ڈالر,1,1,0.99999994,1,0.99999994,1,1,0.99999994,0.99999994,1,1,1,1,0.9999999,1,1,1,0.99999994,1,1,1,1,1,1
212,dollar,profit,7.38,,ڈالر,منافع,0.322133,0.2680627,0.25994307,0.31962332,0.28376675,0.2714245,0.32312733,0.28043962,0.24957621,0.28255033,0.26955158,0.2458244,0.29714957,0.2637666,0.24837555,0.31739986,0.2970686,0.2587378,0.32055756,0.2888087,0.2606686,0.28245777,0.26983133,0.25038624
213,dollar,loss,6.09,,ڈالر,نقصان,0.10438254,0.08833019,0.05998552,0.13626657,0.113932595,0.11020026,0.121774234,0.11858794,0.09865873,0.107013635,0.09601711,0.09055289,0.09414729,0.09835212,0.08715908,0.11706202,0.10573166,0.048985288,0.12800422,0.124027394,0.109009326,0.09791743,0.09896721,0.09294342
214,network,hardware,8.31,,نیٹورک,ہارڈویئر,0.4115361,0.25906426,0.23627745,0.29216194,0.21285667,0.1356247,0.2379677,0.14675745,0.18098414,0.2186874,0.11267014,0.13564831,0.1593197,0.15445414,0.11990393,0.40969217,0.2891892,0.2689708,0.2666979,0.19515477,0.20332426,0.17076941,0.13780901,0.11484334
215,phone,equipment,7.13,,فون,سامان,0.25879356,0.2824843,0.32500604,0.28388515,0.25015455,0.2678753,0.2503667,0.2499674,0.24125808,0.23943081,0.22711185,0.21604781,0.24787897,0.24056222,0.21454301,0.24705914,0.26409972,0.27853075,0.25355294,0.2367602,0.23781964,0.25120434,0.23066695,0.22361255
216,five,month,3.38,,پانچ,مہینہ,0.09509459,0.09690304,0.10927524,0.04065922,0.045897212,0.09110108,0.057693876,0.039464258,0.057093363,0.032450065,0.01620699,0.035501327,0.029414257,0.023279501,0.052080035,0.059814654,0.078848034,0.09708434,0.04647153,0.054965306,0.054872483,0.03213068,0.038339764,0.027675275
217,report,gain,3.63,,خبر,فائدہ,0.035898708,0.07155205,0.06298456,0.013761901,-0.016095141,0.01785711,0.033954825,0.006364469,-0.021988863,0.024500074,0.027178926,0.002730864,0.020976854,0.008095977,0.005123489,0.00947798,0.032665115,0.03162805,0.055491958,0.02174924,-0.009670669,0.001406027,-0.003247542,0.001294119
218,liquid,water,7.89,,مائع,پانی,0.47493815,0.41168997,0.387465,0.34924236,0.30217183,0.28125948,0.29219514,0.27853605,0.26844934,0.2577678,0.2420504,0.2795627,0.25958127,0.22254542,0.2069098,0.4025681,0.3672303,0.36202723,0.33534795,0.2660846,0.29046485,0.25315872,0.21699238,0.22221853
219,game,victory,7.03,,کھیل,جیت,0.29801887,0.22495106,0.22215481,0.2988212,0.23399046,0.20963784,0.28420958,0.25337285,0.2300104,0.2760194,0.2526073,0.2330135,0.26715198,0.2444728,0.22803302,0.27071637,0.25480443,0.23138492,0.2861573,0.25724137,0.2290655,0.27035338,0.24523774,0.21373859
220,game,team,7.69,,کھیل,ٹیم,0.20556329,0.20254497,0.18415542,0.18196782,0.15348135,0.13863432,0.16226882,0.13746563,0.13055916,0.14503597,0.13316184,0.124853134,0.13120395,0.12289748,0.123667255,0.18904185,0.17654048,0.1494366,0.17361292,0.14475366,0.13200569,0.13940418,0.12789172,0.12122168
221,marathon,sprint,7.47,,میراتھن,سپرنٹ,0.48421302,0.45863003,0.44445452,0.3795883,0.37575805,0.33617365,0.35499892,0.40914512,0.3692522,0.33845302,0.32669207,0.29023865,0.2973452,0.2654732,0.31699744,0.4362434,0.44807795,0.41237712,0.38425314,0.38387197,0.35328448,0.29330653,0.29932204,0.31008768
222,game,series,6.19,,کھیل,سیریز,0.20152622,0.17350501,0.16411054,0.16184254,0.11198129,0.07875272,0.15412991,0.08942978,0.07998773,0.13769327,0.08451572,0.0610586,0.13185611,0.08232143,0.06628915,0.21274467,0.115229875,0.12666634,0.16749884,0.100906216,0.07176674,0.13725711,0.084913425,0.06452346
223,game,defeat,6.97,,کھیل,ہار,0.21349415,0.19246618,0.16160513,0.1689813,0.1194625,0.11442257,0.14725871,0.13243368,0.11242374,0.131352,0.11531927,0.11999334,0.13060178,0.12303102,0.111091025,0.20572627,0.13250248,0.13116534,0.14402685,0.12506244,0.104746096,0.1390607,0.11926568,0.107270636
224,seven,series,3.56,,سات,سیریز,0.09154102,0.055665046,0.018263398,0.037300054,0.020533618,0.0187962,0.033574462,0.005665542,0.009695083,0.020847028,0.013984368,-0.020813348,0.030050617,-0.001820449,-0.009668108,0.04182543,0.014651235,0.032709554,0.04500562,0.024143595,0.007869069,0.021193553,0.003582728,-0.008517237
225,seafood,sea,7.47,,سمندری,سمندر,0.60781616,0.62371284,0.70281506,0.5657896,0.6139251,0.5820653,0.54947513,0.5276766,0.5414163,0.49963835,0.52033925,0.50578785,0.4746921,0.46893165,0.4911394,0.6002588,0.64500993,0.64795727,0.54459494,0.5381367,0.54696906,0.47533572,0.4815463,0.49425906
226,seafood,food,8.34,,سمندری,خوراک,0.40424278,0.37202084,0.34969515,0.26667416,0.25654855,0.27639082,0.25458178,0.20893978,0.21784715,0.22911145,0.19582385,0.21616027,0.19597915,0.16431856,0.18019049,0.313675,0.33846813,0.3045094,0.2597004,0.24532992,0.23876522,0.20217282,0.1821043,0.21247932
227,seafood,lobster,8.7,,سمندری,لابسٹر,0.33614224,0.47211772,0.453144,0.24615231,0.3781875,0.39476165,0.25161347,0.3593404,0.3626857,0.22169356,0.2554236,0.28735003,0.16851144,0.23981157,0.27983785,0.27401298,0.50099456,0.4850728,0.28105146,0.3375808,0.35081258,0.20356302,0.24459487,0.24859089
228,lobster,food,7.81,,لابسٹر,کھانا,0.19517106,0.33993268,0.24218985,0.14887123,0.21270822,0.20657943,0.07498335,0.18542543,0.16193755,0.10372203,0.14037244,0.10509775,0.12092487,0.10290721,0.108813964,0.2391922,0.27343413,0.31036356,0.10055125,0.17747678,0.13119759,0.10060209,0.11019182,0.095279485
229,lobster,wine,5.7,,لابسٹر,شراب,0.20692292,0.31517577,0.24367991,0.19151036,0.2251531,0.17126252,0.12147839,0.21732712,0.14880575,0.1379778,0.15927169,0.15020314,0.11593764,0.18219115,0.13263476,0.29641235,0.24856862,0.3086459,0.1741551,0.19187218,0.1299972,0.14146322,0.14575614,0.13919234
230,food,preparation,6.22,,خوراک,تیاری,0.2086856,0.22796983,0.2536818,0.17310381,0.19116442,0.16855939,0.16469462,0.13786177,0.13855919,0.15094696,0.14057635,0.11286184,0.15983176,0.13991377,0.13112304,0.21526021,0.21153432,0.2512133,0.16676784,0.1566712,0.16436875,0.1333876,0.13945422,0.13347219
231,start,year,4.06,,شروع,سال,0.040500037,0.04244274,0.035789695,0.001549361,-0.00521638,-0.01817459,-0.001680613,0.003885974,-0.012383873,-0.009261197,-0.002029921,-0.008700914,-0.003968537,0.001319315,-0.016643774,0.001046468,0.011242921,0.009508856,-0.012785573,0.001641164,-0.011865753,-0.011547517,0.001061852,-0.001413282
232,start,match,4.47,,شروع,میچ,0.020934941,-0.021587085,0.01832133,0.014240673,0.027061792,0.031560946,0.018693333,0.020666806,0.025423966,0.012224858,0.019264976,0.032457665,0.016153313,0.01699306,0.033536546,0.026720261,0.022720587,0.018408228,0.017286964,0.015732924,0.03036584,0.013745833,0.01823954,0.034067947
233,game,round,5.97,,کھیل,مرحلہ,0.074971646,0.07273203,0.046469957,0.041361816,0.036885984,0.0336272,0.06759288,0.0501016,0.057516012,0.06228315,0.05162967,0.04063091,0.048526786,0.033833645,0.030349249,0.05413472,0.048991386,0.044971496,0.041792072,0.041807033,0.04544063,0.03818947,0.031065205,0.031280108
234,championship,tournament,8.36,,مقابلہ,ٹورنامنٹ,0.3984522,0.3795238,0.36522168,0.35718834,0.33199215,0.32183725,0.33623093,0.32452115,0.3158826,0.31123146,0.30016857,0.30029675,0.30764756,0.30391917,0.30126897,0.3749011,0.36150324,0.37057665,0.3481748,0.32526976,0.32143152,0.30988786,0.29193985,0.30061156
235,fighting,defeating,7.41,,لڑائی,مغلوب,0.23219521,0.17523612,0.15842225,0.1162913,0.09344147,0.08618884,0.11500229,0.12246857,0.07823151,0.098730415,0.04971355,0.062370367,0.100564785,0.06972098,0.030503564,0.20804402,0.15594538,0.10341961,0.120501794,0.0949449,0.07579927,0.08298739,0.045223817,0.036434054
236,line,insurance,2.69,,لائن,انشورنس,0.13001749,0.09831734,0.1086133,0.13531904,0.13071069,0.10353511,0.11971556,0.09038681,0.08692768,0.107190564,0.079929985,0.08064466,0.08729057,0.08066669,0.063259095,0.12855083,0.10323828,0.1501867,0.13863866,0.14292943,0.099438556,0.084869474,0.0706652,0.060953896
237,day,summer,3.94,,دن,گرمی,0.15358329,0.15601568,0.14501022,0.11913353,0.13986066,0.11735405,0.10894427,0.11099936,0.11570472,0.09823994,0.113156095,0.10488545,0.07164182,0.09262076,0.10017058,0.12573403,0.14747721,0.15252188,0.11595003,0.11548325,0.13630202,0.07584493,0.0973559,0.08755762
238,summer,drought,7.16,,گرمی,خشک,0.53713775,0.570166,0.5555394,0.44811094,0.46260798,0.46751004,0.4207371,0.41231546,0.4123273,0.4143607,0.41139558,0.400954,0.35107943,0.3555183,0.3567801,0.5023352,0.51320416,0.498293,0.42263746,0.44039023,0.41062295,0.3582295,0.36277327,0.3568762
239,summer,nature,5.63,,گرمی,قدرت,0.14144707,0.11996695,0.17666374,0.16566038,0.118231036,0.1226212,0.10575958,0.13642709,0.087865375,0.08470504,0.10209712,0.11031318,0.079274245,0.112837695,0.095507756,0.16837466,0.16169938,0.14629848,0.12369345,0.14819233,0.09572211,0.08186971,0.07710792,0.07875225
240,day,dawn,7.53,,دن,دن,1,1,1,1,1,0.99999994,1,0.99999994,1,1,0.99999994,1,1,1,1,1,1,1,0.99999994,0.99999994,1,0.99999994,1,1
241,nature,environment,8.31,,قدرت,ماحول,0.30209827,0.33637178,0.24909352,0.18903561,0.2149777,0.18753852,0.16502425,0.1440647,0.1295091,0.105361246,0.12709738,0.13779886,0.119630516,0.07531911,0.099874906,0.20414558,0.23127167,0.2528496,0.15729678,0.16890277,0.17397851,0.09636902,0.08630788,0.100207
242,environment,ecology,8.81,,ماحول,ماحولیاتی,0.359221,0.37397838,0.3988715,0.30106562,0.3195203,0.3310957,0.28763652,0.30621532,0.29476523,0.2982286,0.30297697,0.31239906,0.31201828,0.2811794,0.27940774,0.33920318,0.3490072,0.3745939,0.3042016,0.29742238,0.30855146,0.29091918,0.31265748,0.30180442
243,nature,man,6.25,,فطرت,مرد,0.2153293,0.2591659,0.24598888,0.18377769,0.18421727,0.2188174,0.16025533,0.19458042,0.1984813,0.15645413,0.1552353,0.14806454,0.12465736,0.14869235,0.16806298,0.20145823,0.20261434,0.21900544,0.14889014,0.21719667,0.19215581,0.13279085,0.13732538,0.13839784
244,man,woman,8.3,,مرد,عورت,0.42256021,0.42127314,0.44143915,0.37997368,0.35971177,0.3330681,0.311031,0.31940514,0.2781588,0.32040948,0.25439614,0.2474513,0.2843719,0.25619894,0.24318314,0.43915027,0.38804233,0.4239083,0.34772295,0.3355145,0.32583958,0.30855438,0.2509483,0.23033062
245,murder,manslaughter,8.53,,قتل,ہلاک,0.530351,0.5104864,0.5298885,0.46754047,0.46594173,0.45825946,0.45215136,0.449481,0.43860152,0.42667177,0.43514985,0.4184864,0.42500436,0.4265348,0.41834965,0.5061698,0.490259,0.49249125,0.47434396,0.4644881,0.4362354,0.42411268,0.42412692,0.41553572
246,life,lesson,5.94,,زندگی,سبق,0.18450108,0.2136233,0.23282646,0.077235006,0.08560789,0.09113448,0.08655586,0.119601145,0.114347786,0.105441324,0.13570605,0.108201414,0.09918975,0.11844675,0.10640871,0.12609208,0.15925515,0.18676949,0.09483965,0.11102064,0.11526031,0.12307506,0.1133672,0.120651856
247,focus,life,4.06,,فوکس,زندگی,0.15455355,0.13360688,0.11622275,0.015338684,0.017425358,0.03823546,-0.004120891,0.011443215,-0.025268726,0.029032843,0.03316961,0.040257648,0.023950636,0.030071516,0.015217986,0.0797616,0.07676859,0.08641292,-0.019324608,-0.016552214,-0.01492985,0.022330603,0.034952976,0.03288797
248,production,crew,6.25,,صنعت,جماعت,0.22543555,0.13297449,0.111988306,0.21206804,0.05735512,0.05222751,0.13576327,0.09915892,0.09900572,0.11327051,0.09486236,0.086680464,0.13305886,0.10474483,0.08990487,0.15873116,0.1217628,0.13391627,0.11540085,0.13207889,0.10278274,0.13630038,0.112214014,0.07208885
249,lover,quarrel,6.19,,پریمی,جھگڑا,0.23739591,0.28393218,0.26835462,0.11240726,0.17071056,0.16165791,0.095341705,0.1460082,0.1270376,0.08566502,0.12666269,0.0997706,0.07322622,0.095984735,0.07767148,0.21190012,0.25461757,0.18442048,0.09127535,0.072126746,0.12945667,0.07462118,0.089182355,0.11407151
250,viewer,serial,2.97,,ناظرین,سیریل,0.2811038,0.31650275,0.33904946,0.21349476,0.22486492,0.26506945,0.19515714,0.1913384,0.20981419,0.15911259,0.17857419,0.20307386,0.15748285,0.16147383,0.1888135,0.24681178,0.26362568,0.3034566,0.19203264,0.1937589,0.22282797,0.1612446,0.15584993,0.1869523
251,possibility,girl,1.94,,امکان,لڑکی,-0.15609246,-0.20881233,-0.21433684,-0.1395758,-0.14105178,-0.15685289,-0.11957159,-0.116226345,-0.14241408,-0.08804989,-0.10913211,-0.11629084,-0.069569804,-0.090102784,-0.10411807,-0.13564056,-0.14161575,-0.1427894,-0.11738601,-0.13483982,-0.13772568,-0.08143191,-0.0866947,-0.09718958
252,morality,importance,3.31,,اخلاقیات,اہمیت,0.33359474,0.29814237,0.31663412,0.24012141,0.24864699,0.2510623,0.24850312,0.25005683,0.22971624,0.2396354,0.18719064,0.20721085,0.21644533,0.1935418,0.16747,0.28411877,0.29420137,0.31728137,0.24218208,0.2395838,0.25464267,0.21462189,0.18975289,0.18774427
253,morality,marriage,3.69,,اخلاقیات,شادی,0.02028365,0.016864186,-0.021970434,0.045137823,0.017217344,0.013343047,0.035521295,0.038037702,0.007184926,0.029994894,0.034737643,0.01103097,0.042593688,0.009009672,0.059586186,-0.013348643,-0.02378501,-0.003672905,0.047525126,0.005365372,0.000224762,0.03871676,0.031487647,0.014377344
254,Mexico,Brazil,7.44,,میکسیکو,برازیل,0.8408498,0.8818759,0.87136,0.7959614,0.79661834,0.7938361,0.73135096,0.7439558,0.74467427,0.6949047,0.6887982,0.68975097,0.63335717,0.64837515,0.65197533,0.8179022,0.83621037,0.83942205,0.75513995,0.7801402,0.7595005,0.63331366,0.6433889,0.6416764
255,gender,equality,6.41,,صنف,مساوات,0.2743277,0.3220687,0.27731982,0.1822533,0.21361831,0.22923632,0.24044462,0.17873111,0.20554756,0.20903352,0.157452,0.1884824,0.16963355,0.18948177,0.16367525,0.31766868,0.27791134,0.20824909,0.16558027,0.18948424,0.17048264,0.18571141,0.21390483,0.16647716
256,change,attitude,5.44,,تبدیل,رویہ,0.06250112,0.03367542,0.021184051,0.024623286,0.004141651,-0.031988002,0.032280352,0.012579984,0.0019708,0.035905242,0.005421809,0.01540072,0.033193722,0.01172119,0.008084201,0.05734997,-0.003319351,-0.017951509,0.037487898,0.001870789,0.006729649,0.042825732,0.009115476,0.01543859
257,opera,industry,2.63,,اوپیرا,صنعت,-0.04219168,-0.06793236,-0.061001543,-0.009301561,-0.020738756,-0.03943875,0.042136576,0.024049059,-0.006881081,0.029633725,-0.012824083,0.041139744,0.009644179,-0.018701702,-0.046112098,-0.044752017,-0.10796997,-0.049581684,0.0687008,0.017744709,-0.036026478,-0.009888712,-0.006388968,-0.028106913
258,practice,institution,3.19,,پریکٹس,ادارہ,-0.16632944,-0.21988542,-0.211011,-0.1804924,-0.180596,-0.15706155,-0.11611772,-0.1549464,-0.10796787,-0.09796509,-0.106693454,-0.09565542,-0.08597231,-0.087713614,-0.061245017,-0.1897755,-0.17069533,-0.17584872,-0.112477034,-0.13595793,-0.10794434,-0.07405549,-0.087239854,-0.08481267
259,ministry,culture,4.69,,وزارت,ثقافت,0.17032897,0.07393386,0.08011268,0.14296257,0.053790867,0.04567188,0.14571384,0.074882135,0.02937502,0.12452376,0.06433402,0.017609818,0.12764212,0.06680651,0.021816589,0.1814279,0.08841072,0.05015296,0.15437306,0.07519468,0.031777788,0.117075935,0.06834243,0.02499728
260,problem,challenge,6.75,,مسئلہ,چیلنج,0.5342892,0.5362129,0.54101926,0.48287478,0.48518777,0.49463332,0.4247776,0.4450723,0.46495908,0.41270962,0.406203,0.43286726,0.3847987,0.38877553,0.3963446,0.5422602,0.5022321,0.5347471,0.43605584,0.4585935,0.4929803,0.3736877,0.38323396,0.39559218
261,size,prominence,5.31,,سائز,اہمیت,0.1731642,0.17348841,0.14894654,0.11542657,0.10531546,0.10849868,0.08704897,0.049709808,0.08628489,0.07403031,0.068547204,0.060088154,0.09674783,0.052213874,0.034800418,0.1524858,0.116139755,0.090734564,0.12153101,0.1061897,0.094200596,0.07127972,0.04942091,0.032698747
262,country,citizen,7.31,,ریاست,شہری,0.57949615,0.59633976,0.6017134,0.44791248,0.48278034,0.4673783,0.358533,0.35576516,0.38250563,0.3245935,0.32629347,0.33832097,0.293122,0.28395167,0.3021856,0.5076779,0.5395186,0.5358155,0.387533,0.40612254,0.40814686,0.2980029,0.28170276,0.28942937
263,planet,people,5.75,,سیارے,لوگ,0.35430628,0.31427616,0.27922648,0.294043,0.25611633,0.2586703,0.27028465,0.22528844,0.21294695,0.24628091,0.24395487,0.2029644,0.24319421,0.20617801,0.18475437,0.34188473,0.28038263,0.25335962,0.27930737,0.2561238,0.22290373,0.225806,0.2106506,0.18252364
264,development,issue,3.97,,ترقی,مسئلہ,0.051717132,0.057749446,0.042802937,0.018437741,0.041698426,0.0343152,0.03522619,0.04596744,0.03267781,0.023720516,0.025452627,0.05041276,0.025300113,0.040490802,0.044770923,0.017119579,0.027818307,0.06347662,0.02607609,0.031715218,0.03025791,0.017622445,0.041723743,0.048768904
265,experience,music,3.47,,تجربہ,موسیقی,0.12262561,0.087327816,0.13070457,0.01577901,0.029465288,0.044932526,0.014370427,0.0322085,0.019922651,0.014626551,0.02683435,0.03910556,0.015312518,0.017503358,0.024760567,0.04613401,0.08316677,0.03510751,0.0215208,0.047522478,0.026936889,0.00767652,0.034926023,0.01790256
266,music,project,3.63,,موسیقی,منصوبہ,0.052874275,0.077533744,-0.001025428,0.0885935,0.10168631,0.058961444,0.06901214,0.031122217,0.05810427,0.07945686,0.069191515,0.066306345,0.063107334,0.07474261,0.060494795,0.08291596,0.033269912,0.08910368,0.08846331,0.08920955,0.056273997,0.044445097,0.079683274,0.07845415
267,glass,metal,5.56,,شیشے,دھاتی,0.6148797,0.64443755,0.6358329,0.52398556,0.53519154,0.5506271,0.4832603,0.4529585,0.450099,0.44920075,0.45555544,0.4626778,0.40672237,0.4008903,0.4035683,0.62822366,0.58656454,0.58129025,0.5136102,0.48854238,0.4974919,0.42865884,0.41184697,0.37435842
268,aluminum,metal,7.83,,ایلومینیم,دھات,0.6171563,0.58252645,0.54181683,0.5299204,0.5196282,0.5221399,0.5493624,0.49083126,0.49999326,0.50201046,0.462102,0.43299717,0.45635659,0.45008412,0.43766338,0.59126943,0.55086136,0.558718,0.5272599,0.5330971,0.5227758,0.46531987,0.44641694,0.45656946
269,chance,credibility,3.88,,موقع,اعتبار,0.10172876,0.10007768,0.11675761,0.11078715,0.08240049,0.052326843,0.111542046,0.08531057,0.07744777,0.11515855,0.0884831,0.07212289,0.12542191,0.08989341,0.07066282,0.091287196,0.06539513,0.08256245,0.09715687,0.067150116,0.053686917,0.11303272,0.07295129,0.06299813
270,exhibit,memorabilia,5.31,,دکھانا,یادگار,0.11010093,0.10929033,0.060404025,0.10056146,0.10826395,0.1052951,0.12253491,0.12308529,0.115104124,0.11526529,0.111959234,0.10705198,0.10977329,0.11724805,0.12356958,0.0931021,0.12172043,0.11803676,0.087449,0.13165984,0.124997795,0.086864986,0.093439914,0.11704377
271,museum,theater,7.19,,میوزیم,تھیٹر,0.32529086,0.26953512,0.19686347,0.29757157,0.21167214,0.22747459,0.2735919,0.206361,0.1911181,0.23807953,0.20738272,0.20638485,0.2230005,0.2155029,0.20560369,0.29936275,0.25701,0.21915607,0.29536647,0.25206015,0.20716517,0.2339614,0.2058908,0.20848241
272,space,world,6.53,,خلاء,دنیا,0.2560539,0.26553866,0.27092993,0.21147323,0.17438415,0.17490962,0.18617088,0.17917807,0.17449062,0.17832638,0.16106747,0.14859264,0.15782541,0.15993263,0.12494574,0.25645533,0.26265562,0.23892714,0.21808213,0.2129901,0.15385461,0.17531118,0.15884598,0.13949847
273,shower,thunderstorm,6.31,,بارش,طوفان,0.33715925,0.38721064,0.35841691,0.37508598,0.37951413,0.3725059,0.34658885,0.33316073,0.36230302,0.33805412,0.32649973,0.31803843,0.31977022,0.32448792,0.31481487,0.37513798,0.3722646,0.37580138,0.3683395,0.36939496,0.34960914,0.31302124,0.32439828,0.31711775
274,shower,flood,6.03,,بارش,سیلاب,0.5122142,0.54607385,0.49582556,0.48230642,0.49491048,0.4716252,0.47197625,0.46362475,0.4891685,0.4395439,0.44656223,0.4414693,0.4108956,0.40311188,0.43330404,0.5140043,0.4863367,0.46136397,0.50412935,0.4897732,0.48165065,0.4199811,0.41259372,0.4029069
275,disaster,area,6.25,,تباہی,رقبہ,0.13841549,0.16198827,0.19665633,0.119948216,0.11739156,0.12431076,0.09459738,0.09782441,0.07638841,0.04054799,0.045605395,0.04752818,0.07851932,0.057960667,0.026207436,0.14458296,0.14788334,0.12937263,0.07435493,0.11171825,0.09569352,0.06441878,0.030517528,0.007103568
276,governor,office,6.34,,گورنر,دفتر,0.24756633,0.26905128,0.28997433,0.20202532,0.19028114,0.19817643,0.15372066,0.15516047,0.16274367,0.15824364,0.15174165,0.12604445,0.15931636,0.12700476,0.12178016,0.26143187,0.25122625,0.22088593,0.18450862,0.15500234,0.17260917,0.16174063,0.13565621,0.13085228
